stem,group,split,class_id,class_name,source,image_src,label_src,image_sha256
onion_sample_007_v1,onion_sample_007,test,0,HEALTHY,raw+pending,data/raw/healthy/onion_sample_007_v1.jpeg,data/processed/yolo/labels_pending/healthy/onion_sample_007_v1.txt,07e13dac20547b8cc5f614585ea9d9d016a746e7519e438e5a4286bd3d46f040
onion_sample_007_v2,onion_sample_007,test,0,HEALTHY,raw+pending,data/raw/healthy/onion_sample_007_v2.jpeg,data/processed/yolo/labels_pending/healthy/onion_sample_007_v2.txt,17d1337dd70d8dbf43875f07aedfb4f8115a4538dfba7262cbae0df1577c2a99
onion_sample_007_v3,onion_sample_007,test,0,HEALTHY,raw+pending,data/raw/healthy/onion_sample_007_v3.jpeg,data/processed/yolo/labels_pending/healthy/onion_sample_007_v3.txt,59d04ad0cb63c6e6352165a0b09f605f9fdc941469e8662d16fed260cac44e06
onion_sample_007_v4,onion_sample_007,test,0,HEALTHY,raw+pending,data/raw/healthy/onion_sample_007_v4.jpeg,data/processed/yolo/labels_pending/healthy/onion_sample_007_v4.txt,9d403178a14f7b38a6f9f3fbb57721e3eaec7fa87a829b06d79c4edae065b38a
onion_sample_023_v1,onion_sample_023,test,0,HEALTHY,raw+pending,data/raw/healthy/onion_sample_023_v1.jpeg,data/processed/yolo/labels_pending/healthy/onion_sample_023_v1.txt,a8350040f4be9739391a1c34aca86344546d07a47c6d71e5a1a422e50feacc03
onion_sample_023_v2,onion_sample_023,test,0,HEALTHY,raw+pending,data/raw/healthy/onion_sample_023_v2.jpeg,data/processed/yolo/labels_pending/healthy/onion_sample_023_v2.txt,1bedf8c37bdce22ef3e0801451ed2f4e0030435709925677e55ef5ea72328091
onion_sample_023_v3,onion_sample_023,test,0,HEALTHY,raw+pending,data/raw/healthy/onion_sample_023_v3.jpeg,data/processed/yolo/labels_pending/healthy/onion_sample_023_v3.txt,9ea47090b685f9611a41d073452ac6ec755fa50b0683f049b25717c9eeff2893
onion_sample_023_v4,onion_sample_023,test,0,HEALTHY,raw+pending,data/raw/healthy/onion_sample_023_v4.jpeg,data/processed/yolo/labels_pending/healthy/onion_sample_023_v4.txt,fa074f48967033fb4c8995effbd99c6fac582cc245c5aa01df8dd6d7cc6d9310
onion_sample_028_v1,onion_sample_028,test,0,HEALTHY,raw+pending,data/raw/healthy/onion_sample_028_v1.jpeg,data/processed/yolo/labels_pending/healthy/onion_sample_028_v1.txt,3c482a8858cbb714473aeba749bd325c6ac25606d7d59456a921bf50a96bd264
onion_sample_028_v2,onion_sample_028,test,0,HEALTHY,raw+pending,data/raw/healthy/onion_sample_028_v2.jpeg,data/processed/yolo/labels_pending/healthy/onion_sample_028_v2.txt,5ada7e2e12c122c627119d2d8d6123b05768bfc7d5bc9a0969249057ab47122e
onion_sample_028_v3,onion_sample_028,test,0,HEALTHY,raw+pending,data/raw/healthy/onion_sample_028_v3.jpeg,data/processed/yolo/labels_pending/healthy/onion_sample_028_v3.txt,e04b406e90c63f9b4de3956f0ba7e1539918fe97cef0e898952ecc10a93743a9
onion_sample_028_v4,onion_sample_028,test,0,HEALTHY,raw+pending,data/raw/healthy/onion_sample_028_v4.jpeg,data/processed/yolo/labels_pending/healthy/onion_sample_028_v4.txt,5d4edcb7c86e82ee4203bab8ffe3c2d5a562c28b0e6d1fb8d78435e8032a79dd
onion_sample_034_v1,onion_sample_034,test,0,HEALTHY,raw+pending,data/raw/healthy/onion_sample_034_v1.jpeg,data/processed/yolo/labels_pending/healthy/onion_sample_034_v1.txt,ff157484bd6f574d3942150a3a45a195a7e0541bb777227bed807115437b056a
onion_sample_034_v2,onion_sample_034,test,0,HEALTHY,raw+pending,data/raw/healthy/onion_sample_034_v2.jpeg,data/processed/yolo/labels_pending/healthy/onion_sample_034_v2.txt,a68aa32722a4ce054e7cbaef32c2aa070b0f86bd4e4e8cbcc4958a5b2fc6d9ef
onion_sample_037_v1,onion_sample_037,test,0,HEALTHY,raw+pending,data/raw/damaged/onion_sample_037_v1.jpeg,data/processed/yolo/labels_pending/healthy/onion_sample_037_v1.txt,41ad1af83e6fe518969087ae8d3f636d9a769f09f26fe230949ec8e16e287377
onion_sample_037_v2,onion_sample_037,test,0,HEALTHY,raw+pending,data/raw/damaged/onion_sample_037_v2.jpeg,data/processed/yolo/labels_pending/healthy/onion_sample_037_v2.txt,e1a2858829df5c3586987bbbf02c4ae6eca8e1ae2cc68448e26751d68198de8b
onion_sample_037_v3,onion_sample_037,test,0,HEALTHY,raw+pending,data/raw/damaged/onion_sample_037_v3.jpeg,data/processed/yolo/labels_pending/healthy/onion_sample_037_v3.txt,0d1db673dfdf06b199b8904af93897886e0e91ce33b1c37148c8df8704e5bc98
onion_sample_037_v4,onion_sample_037,test,0,HEALTHY,raw+pending,data/raw/damaged/onion_sample_037_v4.jpeg,data/processed/yolo/labels_pending/healthy/onion_sample_037_v4.txt,53461ac6291a29442102f412f3d470ab25a9187be2a48edfe108cf8d3fed6535
onion_sample_d_005_v3,onion_sample_d_005,test,1,DAMAGED,raw+pending,data/raw/damaged/onion_sample_d_005_v3.jpeg,data/processed/yolo/labels_pending/damaged/onion_sample_d_005_v3.txt,f42427b3accffa9ddd7febfce6b7e8f6fb2098a7f64e30880e11124020250130
onion_sample_d_005_v4,onion_sample_d_005,test,1,DAMAGED,raw+pending,data/raw/damaged/onion_sample_d_005_v4.jpeg,data/processed/yolo/labels_pending/damaged/onion_sample_d_005_v4.txt,b126cc81abd4b4d26f7745cbd12538c3be9125253a868556973bfa0d1db898d4
onion_sample_d_012_v4,onion_sample_d_012,test,1,DAMAGED,raw+pending,data/raw/damaged/onion_sample_d_012_v4.jpeg,data/processed/yolo/labels_pending/damaged/onion_sample_d_012_v4.txt,ef80fb5f23bce3c1c6f80bc7b6b31d9fdfb9393638221ef918a56c57af26d743
onion_sample_r_005_v1,onion_sample_r_005,test,2,ROTTEN,raw+pending,data/raw/rotten/onion_sample_r_005_v1.jpeg,data/processed/yolo/labels_pending/rotten/onion_sample_r_005_v1.txt,941b0f2b5b3c17442ee9028e8153d4d2f27bc9727dc89530a5fe57ecdf1d4131
onion_sample_r_005_v2,onion_sample_r_005,test,2,ROTTEN,raw+pending,data/raw/rotten/onion_sample_r_005_v2.jpeg,data/processed/yolo/labels_pending/rotten/onion_sample_r_005_v2.txt,12387a177cde1f3dccf447afde68a734bc5554054f627e245b4db0994c8f0f04
onion_sample_r_005_v3,onion_sample_r_005,test,2,ROTTEN,raw+pending,data/raw/rotten/onion_sample_r_005_v3.jpeg,data/processed/yolo/labels_pending/rotten/onion_sample_r_005_v3.txt,4df669b05a6934f4e51f3b68e095fe01cd7896f01fefd5519de3332869091fb8
onion_sample_r_005_v4,onion_sample_r_005,test,2,ROTTEN,raw+pending,data/raw/rotten/onion_sample_r_005_v4.jpeg,data/processed/yolo/labels_pending/rotten/onion_sample_r_005_v4.txt,db456fbc8ef9ed00cdcf2316711b537ca6d47892cc36708ac8eef90852dd2d43
onion_sample_r_011_v1,onion_sample_r_011,test,2,ROTTEN,raw+pending,data/raw/rotten/onion_sample_r_011_v1.jpeg,data/processed/yolo/labels_pending/rotten/onion_sample_r_011_v1.txt,6c73e9cfa2625c551260c3a678f3795dd6b8008f56a152fed829d708ca4cff94
onion_sample_r_011_v2,onion_sample_r_011,test,2,ROTTEN,raw+pending,data/raw/rotten/onion_sample_r_011_v2.jpeg,data/processed/yolo/labels_pending/rotten/onion_sample_r_011_v2.txt,a45839279e5f4afede229acaf45462e72a163f63693e999bf7a4c959e718fc49
onion_sample_r_011_v3,onion_sample_r_011,test,2,ROTTEN,raw+pending,data/raw/rotten/onion_sample_r_011_v3.jpeg,data/processed/yolo/labels_pending/rotten/onion_sample_r_011_v3.txt,0e8b1131b6aaf037035e43e6844d6e10cdba313e9abcf2603b2c6fc929fe3a61
onion_sample_r_017_v1,onion_sample_r_017,test,2,ROTTEN,raw+pending,data/raw/rotten/onion_sample_r_017_v1.jpeg,data/processed/yolo/labels_pending/rotten/onion_sample_r_017_v1.txt,72eacf7e1739d7e6f46afd3ddaf493e1cf4bdc59eda31aee7ed347f9e92cdbca
onion_sample_r_017_v2,onion_sample_r_017,test,2,ROTTEN,raw+pending,data/raw/rotten/onion_sample_r_017_v2.jpeg,data/processed/yolo/labels_pending/rotten/onion_sample_r_017_v2.txt,674f4efd492d2d4480d77b6e5dcff002b1803b46fdbb0c29c279fef6ef738588
onion_sample_r_017_v3,onion_sample_r_017,test,2,ROTTEN,raw+pending,data/raw/rotten/onion_sample_r_017_v3.jpeg,data/processed/yolo/labels_pending/rotten/onion_sample_r_017_v3.txt,4eaca3780f84152192b195306fdd6e37176e2a83d843612706125b4e75418bc1
onion_sample_r_017_v4,onion_sample_r_017,test,2,ROTTEN,raw+pending,data/raw/rotten/onion_sample_r_017_v4.jpeg,data/processed/yolo/labels_pending/rotten/onion_sample_r_017_v4.txt,49f4f928ebd5c7f10bef2bbd3cbdef2d04aba6489bc751aadfde4d2fcd1a0c70
onion_sample_r_021_v1,onion_sample_r_021,test,2,ROTTEN,prepared_copy_only,data/processed/yolo/images/test/onion_sample_r_021_v1.jpeg,data/processed/yolo/labels/test/onion_sample_r_021_v1.txt,0f9977942e7ae9eebc2b074637412010e70e1ff0062d88dcbccff0705011f43c
onion_sample_r_021_v2,onion_sample_r_021,test,2,ROTTEN,prepared_copy_only,data/processed/yolo/images/test/onion_sample_r_021_v2.jpeg,data/processed/yolo/labels/test/onion_sample_r_021_v2.txt,04aab2a4f68e5d9371ad3c2e6bf647c6250fe87f4f535c17310f86e00410ded7
onion_sample_r_021_v3,onion_sample_r_021,test,2,ROTTEN,prepared_copy_only,data/processed/yolo/images/test/onion_sample_r_021_v3.jpeg,data/processed/yolo/labels/test/onion_sample_r_021_v3.txt,9a9619b545a4ad4ada69f98cf5a3a0ba4fd64acf4a7cd0987f9d8f588f300fa9
onion_sample_r_021_v4,onion_sample_r_021,test,2,ROTTEN,prepared_copy_only,data/processed/yolo/images/test/onion_sample_r_021_v4.jpeg,data/processed/yolo/labels/test/onion_sample_r_021_v4.txt,0772f9a24e52dbb034849956a9bd2b1f21fd2134f57815d67db85a1b38d07432
onion_sample_r_023_v1,onion_sample_r_023,test,2,ROTTEN,raw+pending,data/raw/rotten/onion_sample_r_023_v1.jpeg,data/processed/yolo/labels_pending/rotten/onion_sample_r_023_v1.txt,65d709d30b3e6e4f6ebaad292e465a708d092ddc29a3ca0d495709c75948e936
onion_sample_r_023_v2,onion_sample_r_023,test,2,ROTTEN,raw+pending,data/raw/rotten/onion_sample_r_023_v2.jpeg,data/processed/yolo/labels_pending/rotten/onion_sample_r_023_v2.txt,a8d4df84e8e43dda39c29cfdef2edf8669237291e12b6f07d3877670e73b4b0e
onion_sample_r_023_v3,onion_sample_r_023,test,2,ROTTEN,raw+pending,data/raw/rotten/onion_sample_r_023_v3.jpeg,data/processed/yolo/labels_pending/rotten/onion_sample_r_023_v3.txt,8d1bc920c201714d9d764204f8f467158dfa0ae51a7be0a6aa5950a0510fdc22
onion_sample_r_023_v4,onion_sample_r_023,test,2,ROTTEN,raw+pending,data/raw/rotten/onion_sample_r_023_v4.jpeg,data/processed/yolo/labels_pending/rotten/onion_sample_r_023_v4.txt,e190455825f461fc1ece325e9700a31da08561ac2287e0556e7d099664fe32ae
onion_sample_s_001_v1,onion_sample_s_001,test,3,SPROUTED,raw+pending,data/raw/sprouted/onion_sample_s_001_v1.jpeg,data/processed/yolo/labels_pending/sprouted/onion_sample_s_001_v1.txt,e0c00c79a6019ec3a509c0da4aff5306d4cf50ec4d80fd85606624e8fc9341f0
onion_sample_s_001_v2,onion_sample_s_001,test,3,SPROUTED,raw+pending,data/raw/sprouted/onion_sample_s_001_v2.jpeg,data/processed/yolo/labels_pending/sprouted/onion_sample_s_001_v2.txt,c1b3d42ed2186655bfb40178d1595eccfa30c22ba7cccb16760455a8d0a03dec
onion_sample_s_001_v3,onion_sample_s_001,test,3,SPROUTED,raw+pending,data/raw/sprouted/onion_sample_s_001_v3.jpeg,data/processed/yolo/labels_pending/sprouted/onion_sample_s_001_v3.txt,c9c659cd5548aa3829213cbc021e815ad6cb92528257c5055496340d08d2c6b6
onion_sample_s_001_v4,onion_sample_s_001,test,3,SPROUTED,raw+pending,data/raw/sprouted/onion_sample_s_001_v4.jpeg,data/processed/yolo/labels_pending/sprouted/onion_sample_s_001_v4.txt,947b72d73d61567757a55b1d23e6c26abc2a84e231a1ea697646983662177f79
onion_sample_001_v2,onion_sample_001,train,0,HEALTHY,raw+pending,data/raw/healthy/onion_sample_001_v2.jpeg,data/processed/yolo/labels_pending/healthy/onion_sample_001_v2.txt,a0d2b9021673bd3a470277a745019c5ee24a16241930476cae1e973f9a506819
onion_sample_001_v3,onion_sample_001,train,0,HEALTHY,raw+pending,data/raw/healthy/onion_sample_001_v3.jpeg,data/processed/yolo/labels_pending/healthy/onion_sample_001_v3.txt,b5da54344b0b90e5e4bc705c70acfd343be711c41076b90be03346a0843cf76b
onion_sample_002_v1,onion_sample_002,train,0,HEALTHY,raw+pending,data/raw/healthy/onion_sample_002_v1.jpeg,data/processed/yolo/labels_pending/healthy/onion_sample_002_v1.txt,fad2ced925da814c33619d13d62fe6cedd94bf9eb569d40310e57131428e9c3d
onion_sample_002_v2,onion_sample_002,train,0,HEALTHY,raw+pending,data/raw/healthy/onion_sample_002_v2.jpeg,data/processed/yolo/labels_pending/healthy/onion_sample_002_v2.txt,4d8364c0ca388a222fd1b20a2b446f17f14b3cc2af7236b0a8e74ccdc6387177
onion_sample_002_v3,onion_sample_002,train,0,HEALTHY,raw+pending,data/raw/healthy/onion_sample_002_v3.jpeg,data/processed/yolo/labels_pending/healthy/onion_sample_002_v3.txt,696f495a2cb40bd7b448219e035d2c4b61ec266401947b25b177104d5d4816d3
onion_sample_002_v4,onion_sample_002,train,0,HEALTHY,raw+pending,data/raw/healthy/onion_sample_002_v4.jpeg,data/processed/yolo/labels_pending/healthy/onion_sample_002_v4.txt,27d51b6979d8ff46484509d6009c20e574b0f23f64190580eb0e8e18d202d98a
onion_sample_004_v1,onion_sample_004,train,0,HEALTHY,raw+pending,data/raw/healthy/onion_sample_004_v1.jpeg,data/processed/yolo/labels_pending/healthy/onion_sample_004_v1.txt,319611384e2b2e98950c2c8ecb7518e2d72b4758f4186f6ccef7dc2134a8983c
onion_sample_004_v2,onion_sample_004,train,0,HEALTHY,raw+pending,data/raw/healthy/onion_sample_004_v2.jpeg,data/processed/yolo/labels_pending/healthy/onion_sample_004_v2.txt,db9b2aae6b6d99c260086eea98b3ce568f0fa013eb9c68c0f0f5ab2c4afa2021
onion_sample_004_v3,onion_sample_004,train,0,HEALTHY,raw+pending,data/raw/healthy/onion_sample_004_v3.jpeg,data/processed/yolo/labels_pending/healthy/onion_sample_004_v3.txt,02bbf6cd514e5c47600d9e7805efa8fbb7f2b4ff09f3fb509d7fb22ad1918385
onion_sample_004_v4,onion_sample_004,train,0,HEALTHY,raw+pending,data/raw/healthy/onion_sample_004_v4.jpeg,data/processed/yolo/labels_pending/healthy/onion_sample_004_v4.txt,fce2a0888242a329a9222a5e5ec5398aecbc3fb9f731b0b8dac3ec0992b1fc0f
onion_sample_005_v1,onion_sample_005,train,0,HEALTHY,raw+pending,data/raw/healthy/onion_sample_005_v1.jpeg,data/processed/yolo/labels_pending/healthy/onion_sample_005_v1.txt,a9595b8b08cb4a0221e2b7cc31923bf03f73905618ec9fd4d25882d06347f409
onion_sample_005_v2,onion_sample_005,train,0,HEALTHY,raw+pending,data/raw/healthy/onion_sample_005_v2.jpeg,data/processed/yolo/labels_pending/healthy/onion_sample_005_v2.txt,0f4bac2002479ff9d61d0e3128153de3672dfd7d0a9b7d03af87e8f1d3171bfd
onion_sample_005_v3,onion_sample_005,train,0,HEALTHY,raw+pending,data/raw/healthy/onion_sample_005_v3.jpeg,data/processed/yolo/labels_pending/healthy/onion_sample_005_v3.txt,9b7a0c6507f3316cf6b485482bd80584e281729c042bb832d557faf897795d23
onion_sample_005_v4,onion_sample_005,train,0,HEALTHY,raw+pending,data/raw/healthy/onion_sample_005_v4.jpeg,data/processed/yolo/labels_pending/healthy/onion_sample_005_v4.txt,95e289588184e3bd4cd49412409e5c8ccb4d9a2826e5586ed52254f489e1be60
onion_sample_006_v1,onion_sample_006,train,0,HEALTHY,raw+pending,data/raw/healthy/onion_sample_006_v1.jpeg,data/processed/yolo/labels_pending/healthy/onion_sample_006_v1.txt,96317d81fce3b54a30923c21d7de63f899cabc196567b4547d8a91660298aada
onion_sample_006_v2,onion_sample_006,train,0,HEALTHY,raw+pending,data/raw/healthy/onion_sample_006_v2.jpeg,data/processed/yolo/labels_pending/healthy/onion_sample_006_v2.txt,81fe061d213f9db1ea0bd765e0296969f4e4741506c868b1cdfbc38a9ec0c6a5
onion_sample_006_v3,onion_sample_006,train,0,HEALTHY,raw+pending,data/raw/healthy/onion_sample_006_v3.jpeg,data/processed/yolo/labels_pending/healthy/onion_sample_006_v3.txt,dcf137a06ab85f28426e9d1c945fd3a1dd09d9fbec459eb7dfe76cad9ed5be14
onion_sample_006_v4,onion_sample_006,train,0,HEALTHY,raw+pending,data/raw/healthy/onion_sample_006_v4.jpeg,data/processed/yolo/labels_pending/healthy/onion_sample_006_v4.txt,3335d40e925676a8689ce37a866b4614442a7386aeb756d5fd78f3bad86bfd7c
onion_sample_009_v1,onion_sample_009,train,0,HEALTHY,raw+pending,data/raw/healthy/onion_sample_009_v1.jpeg,data/processed/yolo/labels_pending/healthy/onion_sample_009_v1.txt,dd2d2d12d0ed05839c201a4d0aa03076c570a947a1215fac3fce341bb8558276
onion_sample_009_v2,onion_sample_009,train,0,HEALTHY,raw+pending,data/raw/healthy/onion_sample_009_v2.jpeg,data/processed/yolo/labels_pending/healthy/onion_sample_009_v2.txt,dfb266129bcfb89c2dc5c9d74ffa7a87a0dc971f0a73aa59a5d68e27f31d3748
onion_sample_009_v3,onion_sample_009,train,0,HEALTHY,raw+pending,data/raw/healthy/onion_sample_009_v3.jpeg,data/processed/yolo/labels_pending/healthy/onion_sample_009_v3.txt,3af76b268952aa950245f519aac68c64596cf851c90b2f42cf2b58c113433c73
onion_sample_009_v4,onion_sample_009,train,0,HEALTHY,raw+pending,data/raw/healthy/onion_sample_009_v4.jpeg,data/processed/yolo/labels_pending/healthy/onion_sample_009_v4.txt,f39606decfd69d535e14dd4799ece17e554ebe0d7587facefd298681f9945f95
onion_sample_010_v2,onion_sample_010,train,0,HEALTHY,raw+pending,data/raw/healthy/onion_sample_010_v2.jpeg,data/processed/yolo/labels_pending/healthy/onion_sample_010_v2.txt,5a82c9e914163467091beb67fae13ff9e7f819113b647cb76baf8cdeeade03fe
onion_sample_010_v3,onion_sample_010,train,0,HEALTHY,raw+pending,data/raw/healthy/onion_sample_010_v3.jpeg,data/processed/yolo/labels_pending/healthy/onion_sample_010_v3.txt,a3e5539d03c22c88fa4856915b3f4474c8eed3f9f4ff592aaff3f6f76507238f
onion_sample_010_v4,onion_sample_010,train,0,HEALTHY,raw+pending,data/raw/healthy/onion_sample_010_v4.jpeg,data/processed/yolo/labels_pending/healthy/onion_sample_010_v4.txt,b221021b85c9ad0b4488ee926174b9363da229c5d11a79ce93867365c1ef59c8
onion_sample_011_v1,onion_sample_011,train,0,HEALTHY,raw+pending,data/raw/healthy/onion_sample_011_v1.jpeg,data/processed/yolo/labels_pending/healthy/onion_sample_011_v1.txt,065d54d1641644ec6d7411ee604cd3f16c30eac0cb9e56174280aa5ddce7c04f
onion_sample_011_v2,onion_sample_011,train,0,HEALTHY,raw+pending,data/raw/healthy/onion_sample_011_v2.jpeg,data/processed/yolo/labels_pending/healthy/onion_sample_011_v2.txt,0806a1077c5744d2b17ebdc6fe0e32f30e7d627da4230d7bbe8330f5c88a421f
onion_sample_011_v3,onion_sample_011,train,0,HEALTHY,raw+pending,data/raw/healthy/onion_sample_011_v3.jpeg,data/processed/yolo/labels_pending/healthy/onion_sample_011_v3.txt,d790b8aa9b4ff8f6189225d437cd46d7326cbe85c0dac7e17dca65d3f121b44b
onion_sample_011_v4,onion_sample_011,train,0,HEALTHY,raw+pending,data/raw/healthy/onion_sample_011_v4.jpeg,data/processed/yolo/labels_pending/healthy/onion_sample_011_v4.txt,e15d251093c73656873b6964ca230759eba4cad4dbccc21978297194759798b8
onion_sample_012_v1,onion_sample_012,train,0,HEALTHY,raw+pending,data/raw/healthy/onion_sample_012_v1.jpeg,data/processed/yolo/labels_pending/healthy/onion_sample_012_v1.txt,e94872fae1ceb81e89d4b74b15ef3308cced54a55be685b6f1afa2f234f055e5
onion_sample_012_v2,onion_sample_012,train,0,HEALTHY,raw+pending,data/raw/healthy/onion_sample_012_v2.jpeg,data/processed/yolo/labels_pending/healthy/onion_sample_012_v2.txt,4a4474102b6238f2ea9467bb96056955d437c85292b971392b99f4a7ee962f94
onion_sample_012_v3,onion_sample_012,train,0,HEALTHY,raw+pending,data/raw/healthy/onion_sample_012_v3.jpeg,data/processed/yolo/labels_pending/healthy/onion_sample_012_v3.txt,735802ac21d2af6f56207d6c3faa2798cb021bde8c1bb398f56daf558e2f924d
onion_sample_012_v4,onion_sample_012,train,0,HEALTHY,raw+pending,data/raw/healthy/onion_sample_012_v4.jpeg,data/processed/yolo/labels_pending/healthy/onion_sample_012_v4.txt,43281bcb4812ebb065a716d632e1763b9fde14077d13c6be5f9b0ac4f0ec5e37
onion_sample_014_v1,onion_sample_014,train,0,HEALTHY,raw+pending,data/raw/healthy/onion_sample_014_v1.jpeg,data/processed/yolo/labels_pending/healthy/onion_sample_014_v1.txt,73ee98725319ba585e94b0b5f59293c0ed26727a24905e6c7827c9a375c4a518
onion_sample_014_v2,onion_sample_014,train,0,HEALTHY,raw+pending,data/raw/healthy/onion_sample_014_v2.jpeg,data/processed/yolo/labels_pending/healthy/onion_sample_014_v2.txt,e67e67eea052b74410869cb8112523274ac26262f69593e9faea46c20b587466
onion_sample_014_v3,onion_sample_014,train,0,HEALTHY,raw+pending,data/raw/healthy/onion_sample_014_v3.jpeg,data/processed/yolo/labels_pending/healthy/onion_sample_014_v3.txt,bed62b108263ab0721443bd51dba1ec91de490020e1a2d4d34648a16946eeb52
onion_sample_014_v4,onion_sample_014,train,0,HEALTHY,raw+pending,data/raw/healthy/onion_sample_014_v4.jpeg,data/processed/yolo/labels_pending/healthy/onion_sample_014_v4.txt,dc6aab775b6b04d37371f0a544ca642ca3f9e8a6e9f10bec6aaabf734aff2617
onion_sample_018_v1,onion_sample_018,train,0,HEALTHY,raw+pending,data/raw/healthy/onion_sample_018_v1.jpeg,data/processed/yolo/labels_pending/healthy/onion_sample_018_v1.txt,46a0170c20b5cbe82cc46c044870417033b118d3668111a2c8ffe833736d98bc
onion_sample_018_v2,onion_sample_018,train,0,HEALTHY,raw+pending,data/raw/healthy/onion_sample_018_v2.jpeg,data/processed/yolo/labels_pending/healthy/onion_sample_018_v2.txt,bcc709a022699f85c42be3200b662cabfc49c232b9bf68232dc5979f68134e36
onion_sample_018_v3,onion_sample_018,train,0,HEALTHY,raw+pending,data/raw/healthy/onion_sample_018_v3.jpeg,data/processed/yolo/labels_pending/healthy/onion_sample_018_v3.txt,3f16a177a62621b506970250f5586ad477c9ddfda81b3ef2712587eb737b3952
onion_sample_018_v4,onion_sample_018,train,0,HEALTHY,raw+pending,data/raw/healthy/onion_sample_018_v4.jpeg,data/processed/yolo/labels_pending/healthy/onion_sample_018_v4.txt,5edf0401d129de9f2ac07b7f36068e71b8aa1e831f4c4f9ed6c28f6a73153725
onion_sample_019_v1,onion_sample_019,train,0,HEALTHY,raw+pending,data/raw/healthy/onion_sample_019_v1.jpeg,data/processed/yolo/labels_pending/healthy/onion_sample_019_v1.txt,00b38ed619e2460fc5431a40448f82cd7d909b87e3ebc77fb0e87c80f492074f
onion_sample_019_v2,onion_sample_019,train,0,HEALTHY,raw+pending,data/raw/healthy/onion_sample_019_v2.jpeg,data/processed/yolo/labels_pending/healthy/onion_sample_019_v2.txt,e0cc452334c8cbbffbfc36e94aeaf1fa88c6eebfd9f8babeebba42ea0d803b02
onion_sample_019_v3,onion_sample_019,train,0,HEALTHY,raw+pending,data/raw/healthy/onion_sample_019_v3.jpeg,data/processed/yolo/labels_pending/healthy/onion_sample_019_v3.txt,37adcacd5720fa61b4d14c233a286899ef3de71ee22653ba78b0e050521a46d4
onion_sample_019_v4,onion_sample_019,train,0,HEALTHY,raw+pending,data/raw/healthy/onion_sample_019_v4.jpeg,data/processed/yolo/labels_pending/healthy/onion_sample_019_v4.txt,cec39d255fafc1c000954fca9e18ddbbb2de715f46fb18b51b20838f9738713c
onion_sample_020_v1,onion_sample_020,train,0,HEALTHY,raw+pending,data/raw/healthy/onion_sample_020_v1.jpeg,data/processed/yolo/labels_pending/healthy/onion_sample_020_v1.txt,7017ccca30162671c0c6f757b93cf2fe77c486fef4178e3eda2314edf529f8ed
onion_sample_020_v2,onion_sample_020,train,0,HEALTHY,raw+pending,data/raw/healthy/onion_sample_020_v2.jpeg,data/processed/yolo/labels_pending/healthy/onion_sample_020_v2.txt,5d99be03a749f9f132c7f2abb735dc147a2ca5f03cd39f9d317f9663eb52ef9f
onion_sample_020_v3,onion_sample_020,train,0,HEALTHY,raw+pending,data/raw/healthy/onion_sample_020_v3.jpeg,data/processed/yolo/labels_pending/healthy/onion_sample_020_v3.txt,c8e1ccd0feea56be07dd5a09ac58f15080ee776ce34b04fd29b211d6051ec558
onion_sample_020_v4,onion_sample_020,train,0,HEALTHY,raw+pending,data/raw/healthy/onion_sample_020_v4.jpeg,data/processed/yolo/labels_pending/healthy/onion_sample_020_v4.txt,2a7d85761fb99456682f214d86b9b67a09c492bf3667084fdea3bb02449d7b73
onion_sample_022_v1,onion_sample_022,train,0,HEALTHY,raw+pending,data/raw/healthy/onion_sample_022_v1.jpeg,data/processed/yolo/labels_pending/healthy/onion_sample_022_v1.txt,d76012ae1128da7661a9eff48ade3ef41f9944062043b99c0f983f013d50cdea
onion_sample_022_v2,onion_sample_022,train,0,HEALTHY,raw+pending,data/raw/healthy/onion_sample_022_v2.jpeg,data/processed/yolo/labels_pending/healthy/onion_sample_022_v2.txt,86c61e9fefd86b4c0b64a269682fd4b62e53a2ea6e55e6906eab2a9ffb35302c
onion_sample_022_v3,onion_sample_022,train,0,HEALTHY,raw+pending,data/raw/healthy/onion_sample_022_v3.jpeg,data/processed/yolo/labels_pending/healthy/onion_sample_022_v3.txt,74f2d2b2abaeee7361f1a6e956d9805e2c83ab40f32732edf30cdab0cc8771ee
onion_sample_022_v4,onion_sample_022,train,0,HEALTHY,raw+pending,data/raw/healthy/onion_sample_022_v4.jpeg,data/processed/yolo/labels_pending/healthy/onion_sample_022_v4.txt,d31423a0c602b3da2d22678245f1cb158443b854be71d2413c368194c2e0451f
onion_sample_024_v1,onion_sample_024,train,0,HEALTHY,raw+pending,data/raw/healthy/onion_sample_024_v1.jpeg,data/processed/yolo/labels_pending/healthy/onion_sample_024_v1.txt,34f108e283ae1451ba5e8c9b281de91fdc6098c748db3b603bbf5ab9c0071046
onion_sample_024_v2,onion_sample_024,train,0,HEALTHY,raw+pending,data/raw/healthy/onion_sample_024_v2.jpeg,data/processed/yolo/labels_pending/healthy/onion_sample_024_v2.txt,e8f639649058df41abbcfc100712e194fa2cc769a06cc0851ea0aa3c42d926bc
onion_sample_024_v3,onion_sample_024,train,0,HEALTHY,raw+pending,data/raw/healthy/onion_sample_024_v3.jpeg,data/processed/yolo/labels_pending/healthy/onion_sample_024_v3.txt,2ca55b9f8569428469aee04aee3382ba9486fee619a251af3d4c2e3cd2afb901
onion_sample_024_v4,onion_sample_024,train,0,HEALTHY,raw+pending,data/raw/healthy/onion_sample_024_v4.jpeg,data/processed/yolo/labels_pending/healthy/onion_sample_024_v4.txt,84c16c728b603f3af7d9ec2e5111fb23d5407e77d33335fc35ee18d5cbb8cc7e
onion_sample_025_v1,onion_sample_025,train,0,HEALTHY,raw+pending,data/raw/healthy/onion_sample_025_v1.jpeg,data/processed/yolo/labels_pending/healthy/onion_sample_025_v1.txt,03ebb5f1a1690b1532badc36d839a0655436bb2cfc5c7fedde3b98b4d7df946c
onion_sample_025_v2,onion_sample_025,train,0,HEALTHY,raw+pending,data/raw/healthy/onion_sample_025_v2.jpeg,data/processed/yolo/labels_pending/healthy/onion_sample_025_v2.txt,7db093465e5aaa9fd7a7b1fdbb6b75532dad516497ba1dc31f5ca5c28c9c4515
onion_sample_025_v3,onion_sample_025,train,0,HEALTHY,raw+pending,data/raw/healthy/onion_sample_025_v3.jpeg,data/processed/yolo/labels_pending/healthy/onion_sample_025_v3.txt,529c52035f5ef181a75e2688a7656491f50971465c080d645e7f464aa3fea919
onion_sample_025_v4,onion_sample_025,train,0,HEALTHY,raw+pending,data/raw/healthy/onion_sample_025_v4.jpeg,data/processed/yolo/labels_pending/healthy/onion_sample_025_v4.txt,871da0fe917425e64223baf509b428c9a01a3f3bf64f9d5565698d5e2324a018
onion_sample_027_v1,onion_sample_027,train,0,HEALTHY,raw+pending,data/raw/healthy/onion_sample_027_v1.jpeg,data/processed/yolo/labels_pending/healthy/onion_sample_027_v1.txt,0a7e130fbb85b83d45b0a09b23517524d639f11ac3c6afff9d4f71772954f3f8
onion_sample_027_v2,onion_sample_027,train,0,HEALTHY,raw+pending,data/raw/healthy/onion_sample_027_v2.jpeg,data/processed/yolo/labels_pending/healthy/onion_sample_027_v2.txt,240318e6fa7c8ef46be344fa813ba3ae84461ad6fc2916eed3f4e3a454a58a0f
onion_sample_027_v3,onion_sample_027,train,0,HEALTHY,raw+pending,data/raw/healthy/onion_sample_027_v3.jpeg,data/processed/yolo/labels_pending/healthy/onion_sample_027_v3.txt,9e2a8c5b3e110f537d08015ecf340a933952c7f7b06ae0752b8435a19f678ac2
onion_sample_027_v4,onion_sample_027,train,0,HEALTHY,raw+pending,data/raw/healthy/onion_sample_027_v4.jpeg,data/processed/yolo/labels_pending/healthy/onion_sample_027_v4.txt,39179259764348d496eb21860abc26216c3568b0589784418477135101e8a548
onion_sample_029_v1,onion_sample_029,train,0,HEALTHY,raw+pending,data/raw/healthy/onion_sample_029_v1.jpeg,data/processed/yolo/labels_pending/healthy/onion_sample_029_v1.txt,d424ae7205cb5110c99e75e7eef0e89d34115842d88d032cceb4142993f97e4b
onion_sample_029_v2,onion_sample_029,train,0,HEALTHY,raw+pending,data/raw/healthy/onion_sample_029_v2.jpeg,data/processed/yolo/labels_pending/healthy/onion_sample_029_v2.txt,bed63de45feb3825454d2f621994b2dd6fee35abac71fa04edb4ed34bcc65d05
onion_sample_029_v3,onion_sample_029,train,0,HEALTHY,raw+pending,data/raw/healthy/onion_sample_029_v3.jpeg,data/processed/yolo/labels_pending/healthy/onion_sample_029_v3.txt,48da4c086e0515b6fb7d36d671f55b3c692554977db27f9ce5d0f0400c175299
onion_sample_029_v4,onion_sample_029,train,0,HEALTHY,raw+pending,data/raw/healthy/onion_sample_029_v4.jpeg,data/processed/yolo/labels_pending/healthy/onion_sample_029_v4.txt,09ed395defe23d5d0bd6a3b6ac85ea0974a9aec0e8b6f0ef5fc467a75d295d6b
onion_sample_031_v1,onion_sample_031,train,0,HEALTHY,raw+pending,data/raw/healthy/onion_sample_031_v1.jpeg,data/processed/yolo/labels_pending/healthy/onion_sample_031_v1.txt,4061b04cdf60305296c7fb1e44f7e003a13430a4c48aa3dec1782fa78bec683f
onion_sample_031_v2,onion_sample_031,train,0,HEALTHY,raw+pending,data/raw/healthy/onion_sample_031_v2.jpeg,data/processed/yolo/labels_pending/healthy/onion_sample_031_v2.txt,264b233da976b6a128d3682c7146cb74f3a26624b037e0b9812c6ec7b00ea255
onion_sample_031_v3,onion_sample_031,train,0,HEALTHY,raw+pending,data/raw/healthy/onion_sample_031_v3.jpeg,data/processed/yolo/labels_pending/healthy/onion_sample_031_v3.txt,0aa7da67c85bee6d6ad86ddb912807784aad6c55d2104159e7a9049825d713d7
onion_sample_032_v1,onion_sample_032,train,0,HEALTHY,raw+pending,data/raw/healthy/onion_sample_032_v1.jpeg,data/processed/yolo/labels_pending/healthy/onion_sample_032_v1.txt,aa3c3ee36aa6ecdddfd4caf375c6b58cad5c21e0bbfcfeefbaa90e5d26b40e60
onion_sample_032_v2,onion_sample_032,train,0,HEALTHY,raw+pending,data/raw/healthy/onion_sample_032_v2.jpeg,data/processed/yolo/labels_pending/healthy/onion_sample_032_v2.txt,a925aec454543afb9ed0f5d6edbb2d6de1ae9310a683c5b91708db7a55ddc249
onion_sample_032_v3,onion_sample_032,train,0,HEALTHY,raw+pending,data/raw/healthy/onion_sample_032_v3.jpeg,data/processed/yolo/labels_pending/healthy/onion_sample_032_v3.txt,48c2a9c5bec08a174db4809e7b361f10f3785019594512953e640e27209532c3
onion_sample_032_v4,onion_sample_032,train,0,HEALTHY,raw+pending,data/raw/healthy/onion_sample_032_v4.jpeg,data/processed/yolo/labels_pending/healthy/onion_sample_032_v4.txt,74380883fa88b27a32bd388cb2d29f376edb57ca8107742932c3f8cfdcd6de5c
onion_sample_033_v1,onion_sample_033,train,0,HEALTHY,raw+pending,data/raw/healthy/onion_sample_033_v1.jpeg,data/processed/yolo/labels_pending/healthy/onion_sample_033_v1.txt,3a27aff43802eaf49af9fc0a716d4e3544c92f81dae79bcf74eb8042ba2cb3ec
onion_sample_033_v2,onion_sample_033,train,0,HEALTHY,raw+pending,data/raw/healthy/onion_sample_033_v2.jpeg,data/processed/yolo/labels_pending/healthy/onion_sample_033_v2.txt,81f308865f05f30b0c98059c18fa9b15c1307234e1975a36915ac7e254406afd
onion_sample_033_v3,onion_sample_033,train,0,HEALTHY,raw+pending,data/raw/healthy/onion_sample_033_v3.jpeg,data/processed/yolo/labels_pending/healthy/onion_sample_033_v3.txt,eaa8c953fc266328247890a467477af492b66f6300ddc31ebb45641fb5ce8b40
onion_sample_033_v4,onion_sample_033,train,0,HEALTHY,raw+pending,data/raw/healthy/onion_sample_033_v4.jpeg,data/processed/yolo/labels_pending/healthy/onion_sample_033_v4.txt,3a6240d88e5b3d8d10541e9448c4e1cef43e99ea93c2ac51b4f45c2a7a349fd9
onion_sample_d_001_v1,onion_sample_d_001,train,1,DAMAGED,raw+pending,data/raw/damaged/onion_sample_d_001_v1.jpeg,data/processed/yolo/labels_pending/damaged/onion_sample_d_001_v1.txt,194beeaefc769c115550ac8cf3fe4ec010a44534aa7b98356cf8f14ec34e65ab
onion_sample_d_001_v2,onion_sample_d_001,train,1,DAMAGED,raw+pending,data/raw/damaged/onion_sample_d_001_v2.jpeg,data/processed/yolo/labels_pending/damaged/onion_sample_d_001_v2.txt,94961f612e97882da88a0fa0284919e63b4e1cce3537cfd357efb5d34a51c41c
onion_sample_d_001_v3,onion_sample_d_001,train,1,DAMAGED,raw+pending,data/raw/damaged/onion_sample_d_001_v3.jpeg,data/processed/yolo/labels_pending/damaged/onion_sample_d_001_v3.txt,88fc54b0aed88fd949d103101ed88ba994842b8693d3c36052718e4f9f568a7b
onion_sample_d_001_v4,onion_sample_d_001,train,1,DAMAGED,raw+pending,data/raw/damaged/onion_sample_d_001_v4.jpeg,data/processed/yolo/labels_pending/damaged/onion_sample_d_001_v4.txt,4101671151a3d80aabae19adc43b17932ecc8ea7880e7404f6cde4cd6828b35a
onion_sample_d_002_v1,onion_sample_d_002,train,2,ROTTEN,raw+pending,data/raw/damaged/onion_sample_d_002_v1.jpeg,data/processed/yolo/labels_pending/rotten/onion_sample_d_002_v1.txt,13f8b53bddf44fbc1ff0cc79f47c1a9fa38f1877a7e30c18ca67c9668094dfff
onion_sample_d_003_v1,onion_sample_d_003,train,1,DAMAGED,raw+pending,data/raw/damaged/onion_sample_d_003_v1.jpeg,data/processed/yolo/labels_pending/damaged/onion_sample_d_003_v1.txt,6b3cbe413e20e3da7412209eaaa4f245110918a89e27250ee60cbe70d21477f6
onion_sample_d_004_v1,onion_sample_d_004,train,1,DAMAGED,raw+pending,data/raw/damaged/onion_sample_d_004_v1.jpeg,data/processed/yolo/labels_pending/damaged/onion_sample_d_004_v1.txt,1027a98ff007bea1a8646378dc7fd99e71d09b7acd6dd689622c2b9c3b3ce394
onion_sample_d_004_v2,onion_sample_d_004,train,1,DAMAGED,raw+pending,data/raw/damaged/onion_sample_d_004_v2.jpeg,data/processed/yolo/labels_pending/damaged/onion_sample_d_004_v2.txt,2fe23ae8caf57728b0484afe1487a6ae1de10e545eed11991867bbcf7abc3aa8
onion_sample_d_004_v3,onion_sample_d_004,train,1,DAMAGED,raw+pending,data/raw/damaged/onion_sample_d_004_v3.jpeg,data/processed/yolo/labels_pending/damaged/onion_sample_d_004_v3.txt,4637621a79cd2930bbd044abf009c1abd898832e0fabb023d3f137fda9977fe5
onion_sample_d_004_v4,onion_sample_d_004,train,1,DAMAGED,raw+pending,data/raw/damaged/onion_sample_d_004_v4.jpeg,data/processed/yolo/labels_pending/damaged/onion_sample_d_004_v4.txt,336118c23800f890899c51871f7b985cad57457337cac0475403056423111d9e
onion_sample_d_006_v1,onion_sample_d_006,train,2,ROTTEN,raw+pending,data/raw/damaged/onion_sample_d_006_v1.jpeg,data/processed/yolo/labels_pending/rotten/onion_sample_d_006_v1.txt,a8b01d1920e427c6a07d6345675d1c561a981821808882c415351a9a32cb5029
onion_sample_d_006_v3,onion_sample_d_006,train,2,ROTTEN,raw+pending,data/raw/damaged/onion_sample_d_006_v3.jpeg,data/processed/yolo/labels_pending/rotten/onion_sample_d_006_v3.txt,dfccdf1eed19ef74ee6cedb13b641e19c0a4a32234523596f2d2203d0db9e984
onion_sample_d_006_v4,onion_sample_d_006,train,2,ROTTEN,raw+pending,data/raw/damaged/onion_sample_d_006_v4.jpeg,data/processed/yolo/labels_pending/rotten/onion_sample_d_006_v4.txt,eb5542097c345d4c8825aae6338de622340d04d85fbc48dc4f2b42e7e9d269a5
onion_sample_d_007_v3,onion_sample_d_007,train,1,DAMAGED,raw+pending,data/raw/damaged/onion_sample_d_007_v3.jpeg,data/processed/yolo/labels_pending/damaged/onion_sample_d_007_v3.txt,c9eb930364130115cf94ace02b63f0a9bc58fb82018b60e91e6a9be4d258c7ec
onion_sample_d_008_v1,onion_sample_d_008,train,1,DAMAGED,raw+pending,data/raw/damaged/onion_sample_d_008_v1.jpeg,data/processed/yolo/labels_pending/damaged/onion_sample_d_008_v1.txt,cd3b4b2eba2bf06726a956f9a8611713c32fc04e5ef0029ac7f019320bbf5ceb
onion_sample_d_008_v2,onion_sample_d_008,train,1,DAMAGED,raw+pending,data/raw/damaged/onion_sample_d_008_v2.jpeg,data/processed/yolo/labels_pending/damaged/onion_sample_d_008_v2.txt,8523b289587fd49f3dcc3ba81bf6fcf12dd6ae6faa3c32198af3fbdcf705a431
onion_sample_d_011_v1,onion_sample_d_011,train,1,DAMAGED,raw+pending,data/raw/damaged/onion_sample_d_011_v1.jpeg,data/processed/yolo/labels_pending/damaged/onion_sample_d_011_v1.txt,f2ff2c448c4b903fde81226539cda4c76770e51e6e9f4766c6eb6bba4d5de87b
onion_sample_d_011_v2,onion_sample_d_011,train,1,DAMAGED,raw+pending,data/raw/damaged/onion_sample_d_011_v2.jpeg,data/processed/yolo/labels_pending/damaged/onion_sample_d_011_v2.txt,8e9ff3cccbd773715a3e14f166d03343699a224f8f02305f375ccf6100405799
onion_sample_d_011_v3,onion_sample_d_011,train,1,DAMAGED,raw+pending,data/raw/damaged/onion_sample_d_011_v3.jpeg,data/processed/yolo/labels_pending/damaged/onion_sample_d_011_v3.txt,3e79c1b07936f3a3518d0c202e9e89c7854c8e7c54c5f0797f17857ea2859531
onion_sample_d_013_v4,onion_sample_d_013,train,1,DAMAGED,raw+pending,data/raw/damaged/onion_sample_d_013_v4.jpeg,data/processed/yolo/labels_pending/damaged/onion_sample_d_013_v4.txt,d02747d13b092e691a3c1ec7dc3c002a1d9378a7bc1e9a605373e369a6a7b075
onion_sample_d_014_v1,onion_sample_d_014,train,1,DAMAGED,raw+pending,data/raw/damaged/onion_sample_d_014_v1.jpeg,data/processed/yolo/labels_pending/damaged/onion_sample_d_014_v1.txt,648474e7b73ccb17974be526ab853376ddc76c647119f0ceab1f9517cd966226
onion_sample_d_014_v2,onion_sample_d_014,train,1,DAMAGED,raw+pending,data/raw/damaged/onion_sample_d_014_v2.jpeg,data/processed/yolo/labels_pending/damaged/onion_sample_d_014_v2.txt,14234a77d4998c8f2f6d8fd7eafd2cd716266cffdb1d93753c4330a154478ae1
onion_sample_d_014_v3,onion_sample_d_014,train,1,DAMAGED,raw+pending,data/raw/damaged/onion_sample_d_014_v3.jpeg,data/processed/yolo/labels_pending/damaged/onion_sample_d_014_v3.txt,4b077aaa57bc5faf6a664b8bf20ec827915f007641c8a24ab7db05c7cb5faf02
onion_sample_d_014_v4,onion_sample_d_014,train,1,DAMAGED,raw+pending,data/raw/damaged/onion_sample_d_014_v4.jpeg,data/processed/yolo/labels_pending/damaged/onion_sample_d_014_v4.txt,dea56afb73c880fa7341e703410c26fc10bdfd8240454de30831a789e6bd6f47
onion_sample_d_016_v1,onion_sample_d_016,train,1,DAMAGED,raw+pending,data/raw/damaged/onion_sample_d_016_v1.jpeg,data/processed/yolo/labels_pending/damaged/onion_sample_d_016_v1.txt,e48d393ae2adb3f6c97e345c7624875696b32116c34444cc8201cf96233d54d2
onion_sample_d_016_v2,onion_sample_d_016,train,1,DAMAGED,raw+pending,data/raw/damaged/onion_sample_d_016_v2.jpeg,data/processed/yolo/labels_pending/damaged/onion_sample_d_016_v2.txt,7fd70e2f80492fca94ce4eeac683264839100dbbf7a7da43cc6cfc75c539519f
onion_sample_d_016_v3,onion_sample_d_016,train,1,DAMAGED,raw+pending,data/raw/damaged/onion_sample_d_016_v3.jpeg,data/processed/yolo/labels_pending/damaged/onion_sample_d_016_v3.txt,eea486944cb9b4e6aec6baf5e961f46eb2ed798f8ff5c4f26d133a1153e0ab16
onion_sample_d_016_v4,onion_sample_d_016,train,1,DAMAGED,raw+pending,data/raw/damaged/onion_sample_d_016_v4.jpeg,data/processed/yolo/labels_pending/damaged/onion_sample_d_016_v4.txt,3e1bcc9b1d678a73f910b749917fa62c74a804bfb7f88e02a4fa468e7c49de97
onion_sample_d_017_v1,onion_sample_d_017,train,1,DAMAGED,raw+pending,data/raw/damaged/onion_sample_d_017_v1.jpeg,data/processed/yolo/labels_pending/damaged/onion_sample_d_017_v1.txt,ba4aec80961c615c5c59874265a25f3c8c3ce8bbb43b68ce5ddba6539c81b93d
onion_sample_d_017_v2,onion_sample_d_017,train,1,DAMAGED,raw+pending,data/raw/damaged/onion_sample_d_017_v2.jpeg,data/processed/yolo/labels_pending/damaged/onion_sample_d_017_v2.txt,ebf23883238f4c672f7e93d9cd9684632ab0ae5336dbc0d4cdae33fa71f5a795
onion_sample_d_017_v3,onion_sample_d_017,train,1,DAMAGED,raw+pending,data/raw/damaged/onion_sample_d_017_v3.jpeg,data/processed/yolo/labels_pending/damaged/onion_sample_d_017_v3.txt,a08b82d344772bf9d17c9432c60a1b2b6fc5fa0b56f4a0986860cdd444464470
onion_sample_d_017_v4,onion_sample_d_017,train,1,DAMAGED,raw+pending,data/raw/damaged/onion_sample_d_017_v4.jpeg,data/processed/yolo/labels_pending/damaged/onion_sample_d_017_v4.txt,f509d4b42659d6c0bca45064626efba9b4297be725a2218c9c06056fbe82f022
onion_sample_d_018_v1,onion_sample_d_018,train,1,DAMAGED,raw+pending,data/raw/damaged/onion_sample_d_018_v1.jpeg,data/processed/yolo/labels_pending/damaged/onion_sample_d_018_v1.txt,651e94b6cd808aceadcfc60cfb07ae8ff26e6bf6ad5de722aea1d59fb8faca74
onion_sample_d_018_v2,onion_sample_d_018,train,1,DAMAGED,raw+pending,data/raw/damaged/onion_sample_d_018_v2.jpeg,data/processed/yolo/labels_pending/damaged/onion_sample_d_018_v2.txt,e9ce3c63aea79556a09779c1a0bac8b9e57b611dbde181ffbd4d3013694909f8
onion_sample_d_019_v2,onion_sample_d_019,train,1,DAMAGED,raw+pending,data/raw/damaged/onion_sample_d_019_v2.jpeg,data/processed/yolo/labels_pending/damaged/onion_sample_d_019_v2.txt,e9c5cc54309f133c7cae6a7a6182b4463f67b39b09391319c92dbb2a7728d667
onion_sample_d_020_v1,onion_sample_d_020,train,1,DAMAGED,raw+pending,data/raw/damaged/onion_sample_d_020_v1.jpeg,data/processed/yolo/labels_pending/damaged/onion_sample_d_020_v1.txt,3ca08b3b5254dc0a41397be202e0b279a9dc071e806477058b4f2e2d03b8895d
onion_sample_d_020_v2,onion_sample_d_020,train,1,DAMAGED,raw+pending,data/raw/damaged/onion_sample_d_020_v2.jpeg,data/processed/yolo/labels_pending/damaged/onion_sample_d_020_v2.txt,c17e4073903a9828cecd24f4385159bb583da2116e765ca257fc4226ae49ba70
onion_sample_d_020_v3,onion_sample_d_020,train,1,DAMAGED,raw+pending,data/raw/damaged/onion_sample_d_020_v3.jpeg,data/processed/yolo/labels_pending/damaged/onion_sample_d_020_v3.txt,e7ca33bff0802f418ef2856b429d275403ea2898eca70c8b87a41f33e2a9d812
onion_sample_d_020_v4,onion_sample_d_020,train,1,DAMAGED,raw+pending,data/raw/damaged/onion_sample_d_020_v4.jpeg,data/processed/yolo/labels_pending/damaged/onion_sample_d_020_v4.txt,919c1d976348213ff272dd29cad6f5c2b92f7a8a5dfca7e5330919d95519285f
onion_sample_r_001_v1,onion_sample_r_001,train,2,ROTTEN,raw+pending,data/raw/rotten/onion_sample_r_001_v1.jpeg,data/processed/yolo/labels_pending/rotten/onion_sample_r_001_v1.txt,bf18cfc32c39fe68e1f9fe43de9235751a9b2dc530e0b08f3ad70b01a7ad418d
onion_sample_r_002_v1,onion_sample_r_002,train,2,ROTTEN,raw+pending,data/raw/rotten/onion_sample_r_002_v1.jpeg,data/processed/yolo/labels_pending/rotten/onion_sample_r_002_v1.txt,c634e86ada2cc4fbce98612af8061c6d472881ecde3fb972aa921901ab55b239
onion_sample_r_002_v3,onion_sample_r_002,train,2,ROTTEN,raw+pending,data/raw/rotten/onion_sample_r_002_v3.jpeg,data/processed/yolo/labels_pending/rotten/onion_sample_r_002_v3.txt,46ce7329b30f63740d567870759f68e40e21d675d43dd036b2a369a17d5d4f73
onion_sample_r_003_v1,onion_sample_r_003,train,2,ROTTEN,raw+pending,data/raw/rotten/onion_sample_r_003_v1.jpeg,data/processed/yolo/labels_pending/rotten/onion_sample_r_003_v1.txt,e77ae68588de246ae197e1f4d163d59f98c4807ae79e6f75ea25a7b95107e407
onion_sample_r_003_v2,onion_sample_r_003,train,2,ROTTEN,raw+pending,data/raw/rotten/onion_sample_r_003_v2.jpeg,data/processed/yolo/labels_pending/rotten/onion_sample_r_003_v2.txt,5ec9d833a47819c052724a660058d246e92b56b92a8dcd404a6a369451c5cd7a
onion_sample_r_006_v1,onion_sample_r_006,train,2,ROTTEN,raw+pending,data/raw/rotten/onion_sample_r_006_v1.jpeg,data/processed/yolo/labels_pending/rotten/onion_sample_r_006_v1.txt,fc1fc0e40e9c244cd00e821fa86794e6d8f0a51a80dcaf47273547ee7f0f2ec0
onion_sample_r_006_v2,onion_sample_r_006,train,2,ROTTEN,raw+pending,data/raw/rotten/onion_sample_r_006_v2.jpeg,data/processed/yolo/labels_pending/rotten/onion_sample_r_006_v2.txt,6abe839152878694c67232451c841926c265c148c271d1d25d04622da9c17449
onion_sample_r_006_v3,onion_sample_r_006,train,2,ROTTEN,raw+pending,data/raw/rotten/onion_sample_r_006_v3.jpeg,data/processed/yolo/labels_pending/rotten/onion_sample_r_006_v3.txt,ad9e82f0271bcc1ed6dfee5a2837cf9b672e00ff71a22a5bb594035b30edb340
onion_sample_r_006_v4,onion_sample_r_006,train,2,ROTTEN,raw+pending,data/raw/rotten/onion_sample_r_006_v4.jpeg,data/processed/yolo/labels_pending/healthy/onion_sample_r_006_v4.txt,1a1c602be8cc5e506a5f25433a325b3178ac5cf2799896d880cdb80957b92afd
onion_sample_r_007_v1,onion_sample_r_007,train,2,ROTTEN,raw+pending,data/raw/rotten/onion_sample_r_007_v1.jpeg,data/processed/yolo/labels_pending/rotten/onion_sample_r_007_v1.txt,35b25306d7decf8c705db04132820450ff61d4b418b670b338cb2d9e8bf94eac
onion_sample_r_009_v1,onion_sample_r_009,train,2,ROTTEN,raw+pending,data/raw/rotten/onion_sample_r_009_v1.jpeg,data/processed/yolo/labels_pending/rotten/onion_sample_r_009_v1.txt,a8d57a6c607a8e92f72ee1d792524bbe85f7d4a799286a06887bfacf87bcc6f6
onion_sample_r_010_v1,onion_sample_r_010,train,2,ROTTEN,raw+pending,data/raw/rotten/onion_sample_r_010_v1.jpeg,data/processed/yolo/labels_pending/damaged/onion_sample_r_010_v1.txt,2aecbbf58bbacace8f21cdd164f018b1a31af6be3acb0f186e55d9d6c794a8e6
onion_sample_r_010_v3,onion_sample_r_010,train,2,ROTTEN,raw+pending,data/raw/rotten/onion_sample_r_010_v3.jpeg,data/processed/yolo/labels_pending/damaged/onion_sample_r_010_v3.txt,7feedbd5dfda9b3253c47db345ad67b9232bfe893fb05306564dc8f67597f9ab
onion_sample_r_010_v4,onion_sample_r_010,train,2,ROTTEN,raw+pending,data/raw/rotten/onion_sample_r_010_v4.jpeg,data/processed/yolo/labels_pending/damaged/onion_sample_r_010_v4.txt,31f8609500be0497219040b85322c12e71eac27e1fa32b3868ca0049b9ecf923
onion_sample_r_012_v1,onion_sample_r_012,train,2,ROTTEN,raw+pending,data/raw/rotten/onion_sample_r_012_v1.jpeg,data/processed/yolo/labels_pending/rotten/onion_sample_r_012_v1.txt,4744eef7cbd99b4867ea1e34811cab497e776f165857df13f0d3423c8fb4f808
onion_sample_r_012_v2,onion_sample_r_012,train,2,ROTTEN,raw+pending,data/raw/rotten/onion_sample_r_012_v2.jpeg,data/processed/yolo/labels_pending/rotten/onion_sample_r_012_v2.txt,0046b135cf7c68ed0a49b844ef584db84c9e4658442d499a12b88d5433672147
onion_sample_r_012_v3,onion_sample_r_012,train,2,ROTTEN,raw+pending,data/raw/rotten/onion_sample_r_012_v3.jpeg,data/processed/yolo/labels_pending/healthy/onion_sample_r_012_v3.txt,ed01ff33354895111a4b38e9294022ce947c91ef45d64ef60477562f260bc0c6
onion_sample_r_012_v4,onion_sample_r_012,train,2,ROTTEN,raw+pending,data/raw/rotten/onion_sample_r_012_v4.jpeg,data/processed/yolo/labels_pending/rotten/onion_sample_r_012_v4.txt,90a33ba58d40bf0f6f1ecec8281ad8f9161eaf26271bc23304b14e058fceb8a8
onion_sample_r_013_v1,onion_sample_r_013,train,2,ROTTEN,raw+pending,data/raw/rotten/onion_sample_r_013_v1.jpeg,data/processed/yolo/labels_pending/rotten/onion_sample_r_013_v1.txt,9cb03c1efe6b5332ffedd819d084a1041858133254b4ccef898ef593f7b94936
onion_sample_r_013_v2,onion_sample_r_013,train,2,ROTTEN,raw+pending,data/raw/rotten/onion_sample_r_013_v2.jpeg,data/processed/yolo/labels_pending/rotten/onion_sample_r_013_v2.txt,640739794e78c035c34b10dab01c2b5f02933316a21a63efeb68d82b2c551561
onion_sample_r_013_v3,onion_sample_r_013,train,2,ROTTEN,raw+pending,data/raw/rotten/onion_sample_r_013_v3.jpeg,data/processed/yolo/labels_pending/rotten/onion_sample_r_013_v3.txt,ecedab8b01feee1bcc9a018cb63e573ed970c3ca31d4c0d04ee3c3d215b4ccd7
onion_sample_r_014_v1,onion_sample_r_014,train,2,ROTTEN,raw+pending,data/raw/rotten/onion_sample_r_014_v1.jpeg,data/processed/yolo/labels_pending/rotten/onion_sample_r_014_v1.txt,2fd34246d769c40b4b8656798383fa499ff2a1585026fe34f6833a75e1b0fd81
onion_sample_r_015_v2,onion_sample_r_015,train,2,ROTTEN,raw+pending,data/raw/rotten/onion_sample_r_015_v2.jpeg,data/processed/yolo/labels_pending/rotten/onion_sample_r_015_v2.txt,79456111b608dca1429439e4bea671208ddf7cc39351ed1090ac46549c8f10e8
onion_sample_r_016_v1,onion_sample_r_016,train,2,ROTTEN,raw+pending,data/raw/rotten/onion_sample_r_016_v1.jpeg,data/processed/yolo/labels_pending/rotten/onion_sample_r_016_v1.txt,ba3bb854bd5f8b091e143f60bfd9b093925acdbb83e8415e96f839b5fc484bf5
onion_sample_r_016_v2,onion_sample_r_016,train,2,ROTTEN,raw+pending,data/raw/rotten/onion_sample_r_016_v2.jpeg,data/processed/yolo/labels_pending/rotten/onion_sample_r_016_v2.txt,9f339907c9eaba0bce66964ad085279f9aec5c1cdc38485fa94f2511c31120c0
onion_sample_r_016_v3,onion_sample_r_016,train,2,ROTTEN,raw+pending,data/raw/rotten/onion_sample_r_016_v3.jpeg,data/processed/yolo/labels_pending/rotten/onion_sample_r_016_v3.txt,23a20ab55d6e0ac13556519574f351439ff5644d0ba81c56b33f355fb4cf349a
onion_sample_r_016_v4,onion_sample_r_016,train,2,ROTTEN,raw+pending,data/raw/rotten/onion_sample_r_016_v4.jpeg,data/processed/yolo/labels_pending/rotten/onion_sample_r_016_v4.txt,15e39815d2238d152cf06e9e2389ff31cceaf338d1623c21d6e4fe47034ebc83
onion_sample_r_018_v1,onion_sample_r_018,train,2,ROTTEN,raw+pending,data/raw/rotten/onion_sample_r_018_v1.jpeg,data/processed/yolo/labels_pending/rotten/onion_sample_r_018_v1.txt,c604fc3cec087fff57769649f5c8ea6ee84e3e516507aa74044df74dccb0e481
onion_sample_r_020_v1,onion_sample_r_020,train,2,ROTTEN,raw+pending,data/raw/rotten/onion_sample_r_020_v1.jpeg,data/processed/yolo/labels_pending/rotten/onion_sample_r_020_v1.txt,bd12e02c8247518e6a1dbf621af878fa8484ed12860caa824353784a9245297c
onion_sample_r_020_v2,onion_sample_r_020,train,2,ROTTEN,raw+pending,data/raw/rotten/onion_sample_r_020_v2.jpeg,data/processed/yolo/labels_pending/rotten/onion_sample_r_020_v2.txt,479cb08c8c8166b06a01b325d1505dd5a557aa23177f6160990ea4f36f077708
onion_sample_r_020_v3,onion_sample_r_020,train,2,ROTTEN,raw+pending,data/raw/rotten/onion_sample_r_020_v3.jpeg,data/processed/yolo/labels_pending/rotten/onion_sample_r_020_v3.txt,e92dbe9be8525935df4cbd40fb0985e55e4c7236fa9a4d3634fd4b15d0210176
onion_sample_r_020_v4,onion_sample_r_020,train,2,ROTTEN,raw+pending,data/raw/rotten/onion_sample_r_020_v4.jpeg,data/processed/yolo/labels_pending/rotten/onion_sample_r_020_v4.txt,38a15da42d1e46691d5a354efa375736cec740a05a00fd8d30771ec0782fd582
onion_sample_r_022_v1,onion_sample_r_022,train,2,ROTTEN,prepared_copy_only,data/processed/yolo/images/train/onion_sample_r_022_v1.jpeg,data/processed/yolo/labels/train/onion_sample_r_022_v1.txt,6924d65166689f6bf20d14df1fc1a1c448c156fb208914f881b3f5f545b42e70
onion_sample_r_022_v2,onion_sample_r_022,train,2,ROTTEN,prepared_copy_only,data/processed/yolo/images/train/onion_sample_r_022_v2.jpeg,data/processed/yolo/labels/train/onion_sample_r_022_v2.txt,76e0d050043c620122913e656c2bcf18abe4188afc9c1a514df7f345cb04828a
onion_sample_r_022_v3,onion_sample_r_022,train,2,ROTTEN,prepared_copy_only,data/processed/yolo/images/train/onion_sample_r_022_v3.jpeg,data/processed/yolo/labels/train/onion_sample_r_022_v3.txt,4604d80496baa18fb9f00ad9a69b26a6a06f513beb0fd4a8e9559d91d8b43f47
onion_sample_r_022_v4,onion_sample_r_022,train,2,ROTTEN,prepared_copy_only,data/processed/yolo/images/train/onion_sample_r_022_v4.jpeg,data/processed/yolo/labels/train/onion_sample_r_022_v4.txt,66ded6e0d7264f0b71f049bf1cf5325f7297f234cb7a8c7fd61c936a7a0efedf
onion_sample_r_024_v1,onion_sample_r_024,train,2,ROTTEN,raw+pending,data/raw/rotten/onion_sample_r_024_v1.jpeg,data/processed/yolo/labels_pending/rotten/onion_sample_r_024_v1.txt,514fe4206d852b0d017a2e7ce4acf8edf345bfe448813e7c8518f5e93719272c
onion_sample_r_024_v2,onion_sample_r_024,train,2,ROTTEN,raw+pending,data/raw/rotten/onion_sample_r_024_v2.jpeg,data/processed/yolo/labels_pending/rotten/onion_sample_r_024_v2.txt,59c64e831abcdb918e4db4d04f3a205d72d5eae73b15f05a77a8ebe8979cffcd
onion_sample_r_024_v3,onion_sample_r_024,train,2,ROTTEN,raw+pending,data/raw/rotten/onion_sample_r_024_v3.jpeg,data/processed/yolo/labels_pending/rotten/onion_sample_r_024_v3.txt,846f4417d0cb7c8dfb1ef8cf4057ffeafae57249ddf73d210ac9808d96c53339
onion_sample_r_024_v4,onion_sample_r_024,train,2,ROTTEN,raw+pending,data/raw/rotten/onion_sample_r_024_v4.jpeg,data/processed/yolo/labels_pending/rotten/onion_sample_r_024_v4.txt,5561867ea61783e9602a62482bff3126f18685e56b949804f54e95ec17ea34fe
onion_sample_r_027_v1,onion_sample_r_027,train,2,ROTTEN,raw+pending,data/raw/rotten/onion_sample_r_027_v1.jpeg,data/processed/yolo/labels_pending/rotten/onion_sample_r_027_v1.txt,4c538f9a686dbf0b5b4e18eb025bdfc96d545e1e255074684b24212aee57e663
onion_sample_s_003_v1,onion_sample_s_003,train,3,SPROUTED,raw+pending,data/raw/sprouted/onion_sample_s_003_v1.jpeg,data/processed/yolo/labels_pending/sprouted/onion_sample_s_003_v1.txt,ba8fee93bc23608393f74250fd1992f3812813afa58c09504635a17caca544d9
onion_sample_s_003_v2,onion_sample_s_003,train,3,SPROUTED,raw+pending,data/raw/sprouted/onion_sample_s_003_v2.jpeg,data/processed/yolo/labels_pending/sprouted/onion_sample_s_003_v2.txt,e925484d17ed33796b9825962193ba3ced0bfed8444d2e48d086aaec6a072749
onion_sample_s_003_v3,onion_sample_s_003,train,3,SPROUTED,raw+pending,data/raw/sprouted/onion_sample_s_003_v3.jpeg,data/processed/yolo/labels_pending/sprouted/onion_sample_s_003_v3.txt,cb298b6f086d3ebb5488cc3da3310295ade51101c60e2d57472974e28fb6b9e6
onion_sample_s_007_v1,onion_sample_s_007,train,3,SPROUTED,raw+pending,data/raw/sprouted/onion_sample_s_007_v1.jpeg,data/processed/yolo/labels_pending/sprouted/onion_sample_s_007_v1.txt,f300da5b448a5452dc68f24f97f705460e21d6e7dbb75298c23a357d79c8ccaf
onion_sample_s_007_v2,onion_sample_s_007,train,3,SPROUTED,raw+pending,data/raw/sprouted/onion_sample_s_007_v2.jpeg,data/processed/yolo/labels_pending/sprouted/onion_sample_s_007_v2.txt,96aac0e6e9f314f2551c275a653f5645283cf6ddf8154f2a8c1ba5677c101a5f
onion_sample_s_007_v3,onion_sample_s_007,train,3,SPROUTED,raw+pending,data/raw/sprouted/onion_sample_s_007_v3.jpeg,data/processed/yolo/labels_pending/sprouted/onion_sample_s_007_v3.txt,85cc60fdb941c2db4a34b1af6a1d54f74fc213be80fa023e78f216aceaaf1b63
onion_sample_s_007_v4,onion_sample_s_007,train,3,SPROUTED,raw+pending,data/raw/sprouted/onion_sample_s_007_v4.jpeg,data/processed/yolo/labels_pending/sprouted/onion_sample_s_007_v4.txt,87c354b4f6d87fd2df4cba2c33202f89878e5d483646cb3fb3d98d5c94866757
onion_sample_s_008_v1,onion_sample_s_008,train,3,SPROUTED,raw+pending,data/raw/sprouted/onion_sample_s_008_v1.jpeg,data/processed/yolo/labels_pending/sprouted/onion_sample_s_008_v1.txt,577c073a2f35a2191013885dcbc0aa97e20c7b09437f8d02d7cb5adccd280dc2
onion_sample_s_008_v2,onion_sample_s_008,train,3,SPROUTED,raw+pending,data/raw/sprouted/onion_sample_s_008_v2.jpeg,data/processed/yolo/labels_pending/sprouted/onion_sample_s_008_v2.txt,84cdaf8c66fd1b601e252cb9502bc0b8af212a2841acfcbe87da0b724a8250e2
onion_sample_s_008_v3,onion_sample_s_008,train,3,SPROUTED,raw+pending,data/raw/sprouted/onion_sample_s_008_v3.jpeg,data/processed/yolo/labels_pending/sprouted/onion_sample_s_008_v3.txt,e2b8b6f24842f1fa0d58bb8051da4dc028d4a0f52052f2bfcda79ec45dde9c4f
onion_sample_s_008_v4,onion_sample_s_008,train,3,SPROUTED,raw+pending,data/raw/sprouted/onion_sample_s_008_v4.jpeg,data/processed/yolo/labels_pending/sprouted/onion_sample_s_008_v4.txt,95674de8b35b5af242501d38db7ad065eca3b2280efd3c4ed0742afdf6eacb32
onion_sample_s_009_v1,onion_sample_s_009,train,3,SPROUTED,raw+pending,data/raw/sprouted/onion_sample_s_009_v1.jpeg,data/processed/yolo/labels_pending/sprouted/onion_sample_s_009_v1.txt,5b915a4272371182a47c063de23c16ea0ed3224b9c754f32e3e6c9d5b9ae41a4
onion_sample_s_009_v2,onion_sample_s_009,train,3,SPROUTED,raw+pending,data/raw/sprouted/onion_sample_s_009_v2.jpeg,data/processed/yolo/labels_pending/sprouted/onion_sample_s_009_v2.txt,d512c393559ba80fb3f81808add36a3cb9fb8f3d91c26f90c8ad93a1b12b0251
onion_sample_s_011_v1,onion_sample_s_011,train,3,SPROUTED,raw+pending,data/raw/sprouted/onion_sample_s_011_v1.jpeg,data/processed/yolo/labels_pending/sprouted/onion_sample_s_011_v1.txt,74f02e607227db729ad91422de84eff5ce36a06c021073726a1576be0613b6d4
onion_sample_s_011_v2,onion_sample_s_011,train,3,SPROUTED,raw+pending,data/raw/sprouted/onion_sample_s_011_v2.jpeg,data/processed/yolo/labels_pending/sprouted/onion_sample_s_011_v2.txt,f35e38c2f916f9b59c704cad6918b31fdd21e8180a54172a274729056421014c
onion_sample_s_011_v3,onion_sample_s_011,train,3,SPROUTED,raw+pending,data/raw/sprouted/onion_sample_s_011_v3.jpeg,data/processed/yolo/labels_pending/sprouted/onion_sample_s_011_v3.txt,7bec5c8dc1f2d20efba99128262586f48fca598e9d875ba76d9daab29812a902
onion_sample_s_011_v4,onion_sample_s_011,train,3,SPROUTED,raw+pending,data/raw/sprouted/onion_sample_s_011_v4.jpeg,data/processed/yolo/labels_pending/sprouted/onion_sample_s_011_v4.txt,390f51acc33652505e3ead4945a89cf54f9c73bec3cb8095b90f563a941a53d6
onion_sample_s-014_v1,onion_sample_s_014,train,3,SPROUTED,raw+pending,data/raw/sprouted/onion_sample_s-014_v1.jpeg,data/processed/yolo/labels_pending/sprouted/onion_sample_s-014_v1.txt,9fe00ad977c09b46aa04c84e8d7bffa968e23c200be498ff1df7ba1e9ddde007
onion_sample_s_014_v2,onion_sample_s_014,train,3,SPROUTED,raw+pending,data/raw/sprouted/onion_sample_s_014_v2.jpeg,data/processed/yolo/labels_pending/sprouted/onion_sample_s_014_v2.txt,d99620cb431e4d0299d203e93881a074b3a317e670367bb53ffa1c5fca88f729
onion_sample_s_014_v3,onion_sample_s_014,train,3,SPROUTED,raw+pending,data/raw/sprouted/onion_sample_s_014_v3.jpeg,data/processed/yolo/labels_pending/sprouted/onion_sample_s_014_v3.txt,fe0de69750ff1c42c467e54683a574a54849cfa14e550927472d1b6077db9db9
onion_sample_s_014_v4,onion_sample_s_014,train,3,SPROUTED,raw+pending,data/raw/sprouted/onion_sample_s_014_v4.jpeg,data/processed/yolo/labels_pending/sprouted/onion_sample_s_014_v4.txt,98e0a1e23256e6fdd3d2f698db11f26c977e1716fa30a947a9500c5fcd432f49
onion_sample_s_015_v1,onion_sample_s_015,train,3,SPROUTED,raw+pending,data/raw/sprouted/onion_sample_s_015_v1.jpeg,data/processed/yolo/labels_pending/sprouted/onion_sample_s_015_v1.txt,fd628e16ca1b6b4e7a55048c390d0fb6ef23e12a229c6adf7f95b5a4ff0a9d62
onion_sample_s_015_v2,onion_sample_s_015,train,3,SPROUTED,raw+pending,data/raw/sprouted/onion_sample_s_015_v2.jpeg,data/processed/yolo/labels_pending/sprouted/onion_sample_s_015_v2.txt,fb6b95f9ade238ddb758fc5aaaeaebc495de70ab8159dd9f516dd0648d4b0a62
onion_sample_s_015_v3,onion_sample_s_015,train,3,SPROUTED,raw+pending,data/raw/sprouted/onion_sample_s_015_v3.jpeg,data/processed/yolo/labels_pending/sprouted/onion_sample_s_015_v3.txt,351fad2a74d32c87e6689c2e1f36f04caee309bebf2056d6b53cd6af68b3a838
onion_sample_s_015_v4,onion_sample_s_015,train,3,SPROUTED,raw+pending,data/raw/sprouted/onion_sample_s_015_v4.jpeg,data/processed/yolo/labels_pending/sprouted/onion_sample_s_015_v4.txt,8855d8fae2c1eeb61921a4ec39b5611746257a88c8a21581d0a61926f337648a
onion_sample_s_016_v1,onion_sample_s_016,train,3,SPROUTED,raw+pending,data/raw/sprouted/onion_sample_s_016_v1.jpeg,data/processed/yolo/labels_pending/sprouted/onion_sample_s_016_v1.txt,4234d491f7f1fd8452d07533ad1fd50ca3fa4c74ee932d8b4a43b074bb14c2de
onion_sample_s_016_v2,onion_sample_s_016,train,3,SPROUTED,raw+pending,data/raw/sprouted/onion_sample_s_016_v2.jpeg,data/processed/yolo/labels_pending/sprouted/onion_sample_s_016_v2.txt,3e691d2152fdcdbbc571a554ed2479c63476723472caad92d50d94b9ad3153f5
onion_sample_s_016_v3,onion_sample_s_016,train,3,SPROUTED,raw+pending,data/raw/sprouted/onion_sample_s_016_v3.jpeg,data/processed/yolo/labels_pending/sprouted/onion_sample_s_016_v3.txt,97db24144d979ed6405af72c56eac0ce8a9d2c49412fd8c229de45eedfa13af3
onion_sample_s_016_v4,onion_sample_s_016,train,3,SPROUTED,raw+pending,data/raw/sprouted/onion_sample_s_016_v4.jpeg,data/processed/yolo/labels_pending/sprouted/onion_sample_s_016_v4.txt,1988431a03108ec15f752657912f31a0fa71af9ae2c11326503c2233b73793e1
onion_sample_s_017_v2,onion_sample_s_017,train,3,SPROUTED,raw+pending,data/raw/sprouted/onion_sample_s_017_v2.jpeg,data/processed/yolo/labels_pending/sprouted/onion_sample_s_017_v2.txt,0114f096746b526d2a25147bf41eff4242858e1ec4408e8bdc58a65e422f99cc
onion_sample_s_017_v3,onion_sample_s_017,train,3,SPROUTED,raw+pending,data/raw/sprouted/onion_sample_s_017_v3.jpeg,data/processed/yolo/labels_pending/sprouted/onion_sample_s_017_v3.txt,7ceb14063bd8cc706f3c25914efe60cae9fe0ccca609aed5961604bfddd6c50a
onion_sample_s_017_v4,onion_sample_s_017,train,3,SPROUTED,raw+pending,data/raw/sprouted/onion_sample_s_017_v4.jpeg,data/processed/yolo/labels_pending/sprouted/onion_sample_s_017_v4.txt,981b07a6d752406ba59bfb86d3b65b746e63af619df0c8a1848fd5c40ef38048
onion_sample_s_018_v1,onion_sample_s_018,train,3,SPROUTED,raw+pending,data/raw/sprouted/onion_sample_s_018_v1.jpeg,data/processed/yolo/labels_pending/sprouted/onion_sample_s_018_v1.txt,6a7a81a08098b29f587ac552493cca9a181135060f96e5f374dba37e1a34ca7b
onion_sample_s_018_v2,onion_sample_s_018,train,3,SPROUTED,raw+pending,data/raw/sprouted/onion_sample_s_018_v2.jpeg,data/processed/yolo/labels_pending/sprouted/onion_sample_s_018_v2.txt,fc36ad6a54ebc55aa0bbe0f0250c5c726fb90abde68e9c8392a97500369e3895
onion_sample_s_018_v3,onion_sample_s_018,train,3,SPROUTED,raw+pending,data/raw/sprouted/onion_sample_s_018_v3.jpeg,data/processed/yolo/labels_pending/sprouted/onion_sample_s_018_v3.txt,30e392b107564f115d69f333ca6ff621232a9b67e482b9338a6499f515a901bf
onion_sample_s_019_v1,onion_sample_s_019,train,0,HEALTHY,raw+pending,data/raw/sprouted/onion_sample_s_019_v1.jpeg,data/processed/yolo/labels_pending/sprouted/onion_sample_s_019_v1.txt,8dd5d74639798359900cbd7513e1eb3ec4811f80a090fea1d2a7b0110a480d62
onion_sample_s_019_v2,onion_sample_s_019,train,0,HEALTHY,raw+pending,data/raw/sprouted/onion_sample_s_019_v2.jpeg,data/processed/yolo/labels_pending/sprouted/onion_sample_s_019_v2.txt,3be6b1b7fcbfb8cbc5555b7ed2daa42b87ac0d52c08f6b343b73a0b81d691b40
onion_sample_s_019_v3,onion_sample_s_019,train,0,HEALTHY,raw+pending,data/raw/sprouted/onion_sample_s_019_v3.jpeg,data/processed/yolo/labels_pending/sprouted/onion_sample_s_019_v3.txt,55aa0869ae315045de859aca6952866e12d206ea8507181513789e548aa77360
onion_sample_s_019_v4,onion_sample_s_019,train,0,HEALTHY,raw+pending,data/raw/sprouted/onion_sample_s_019_v4.jpeg,data/processed/yolo/labels_pending/sprouted/onion_sample_s_019_v4.txt,7ab3f8239d2f221b6f2a32fe79307dae80d6046a9956c77cce5c3bba9820a442
onion_sample_s_020_v1,onion_sample_s_020,train,0,HEALTHY,raw+pending,data/raw/sprouted/onion_sample_s_020_v1.jpeg,data/processed/yolo/labels_pending/sprouted/onion_sample_s_020_v1.txt,9d3846d13b238312cd9e0e41b602dce8f5132e289cfd7e2f328e7285dcf9e8ad
onion_sample_s_020_v2,onion_sample_s_020,train,0,HEALTHY,raw+pending,data/raw/sprouted/onion_sample_s_020_v2.jpeg,data/processed/yolo/labels_pending/sprouted/onion_sample_s_020_v2.txt,eaa80a086cd2d01476f047718e1b3d5a42add7963d126ebb6c4e5cd061912fc4
onion_sample_s_020_v3,onion_sample_s_020,train,0,HEALTHY,raw+pending,data/raw/sprouted/onion_sample_s_020_v3.jpeg,data/processed/yolo/labels_pending/sprouted/onion_sample_s_020_v3.txt,93bfae61647d6ab5ea4b2860ee6606afb1aa1b628a512aaaff9579d0f6ca325c
onion_sample_s_020_v4,onion_sample_s_020,train,0,HEALTHY,raw+pending,data/raw/sprouted/onion_sample_s_020_v4.jpeg,data/processed/yolo/labels_pending/sprouted/onion_sample_s_020_v4.txt,661de935a2f412b3249cdb196769e011d108b3e78e3f1f13945c799d7db0b015
onion_sample_s_021_v1,onion_sample_s_021,train,0,HEALTHY,raw+pending,data/raw/sprouted/onion_sample_s_021_v1.jpeg,data/processed/yolo/labels_pending/sprouted/onion_sample_s_021_v1.txt,138c6f19a26a166bb8e6b9446c28479f2716e457fcb648d72c7833d8684fff84
onion_sample_s_021_v2,onion_sample_s_021,train,0,HEALTHY,raw+pending,data/raw/sprouted/onion_sample_s_021_v2.jpeg,data/processed/yolo/labels_pending/sprouted/onion_sample_s_021_v2.txt,81cf24cde180ec92bc9d23d0fbdacfe54139bc0d5efcd8e45e1cf990164c2161
onion_sample_s_021_v3,onion_sample_s_021,train,0,HEALTHY,raw+pending,data/raw/sprouted/onion_sample_s_021_v3.jpeg,data/processed/yolo/labels_pending/sprouted/onion_sample_s_021_v3.txt,b7853d0339cf3369231cc97e44bf2ab5c4d41eee24213b2f80f0162e84ae1dea
onion_sample_s_021_v4,onion_sample_s_021,train,0,HEALTHY,raw+pending,data/raw/sprouted/onion_sample_s_021_v4.jpeg,data/processed/yolo/labels_pending/sprouted/onion_sample_s_021_v4.txt,96a0e2a94ac97ff57bf602207e066a69a540595e3c238af8570b69f3be5f7ee0
onion_sample_s_022_v1,onion_sample_s_022,train,0,HEALTHY,raw+pending,data/raw/sprouted/onion_sample_s_022_v1.jpeg,data/processed/yolo/labels_pending/sprouted/onion_sample_s_022_v1.txt,99cd2427ff9de8f3b06745dca80f9d8c8fe5932b81689f4b1d1f1fa0540d90b9
onion_sample_s_022_v3,onion_sample_s_022,train,0,HEALTHY,raw+pending,data/raw/sprouted/onion_sample_s_022_v3.jpeg,data/processed/yolo/labels_pending/sprouted/onion_sample_s_022_v3.txt,2686f7ab4bafda9ca9941dcf191181d546ef97ff6bfa766edf44359b8ec3b6e0
onion_sample_s_022_v4,onion_sample_s_022,train,0,HEALTHY,raw+pending,data/raw/sprouted/onion_sample_s_022_v4.jpeg,data/processed/yolo/labels_pending/sprouted/onion_sample_s_022_v4.txt,7646f18ce7a6b6df4e2aaa51fd0f13eb609d65e9061ac40a29dbb798061498a9
onion_sample_s_023_v1,onion_sample_s_023,train,0,HEALTHY,raw+pending,data/raw/sprouted/onion_sample_s_023_v1.jpeg,data/processed/yolo/labels_pending/sprouted/onion_sample_s_023_v1.txt,6e1de6f437540e6b4c6fa0f63e95b27ac932812a5e1cdf5b7ef381d93adcfc1a
onion_sample_s_023_v2,onion_sample_s_023,train,0,HEALTHY,raw+pending,data/raw/sprouted/onion_sample_s_023_v2.jpeg,data/processed/yolo/labels_pending/sprouted/onion_sample_s_023_v2.txt,c569c0259132aa72c6b51beca3dcba4c656c618a80d111911ecc615026e6b889
onion_sample_s_023_v3,onion_sample_s_023,train,0,HEALTHY,raw+pending,data/raw/sprouted/onion_sample_s_023_v3.jpeg,data/processed/yolo/labels_pending/sprouted/onion_sample_s_023_v3.txt,2a0f3fdffa8d19d3af906231f4502d5e99b87793dbaa8363631fd5994afb8db4
onion_sample_s_023_v4,onion_sample_s_023,train,0,HEALTHY,raw+pending,data/raw/sprouted/onion_sample_s_023_v4.jpeg,data/processed/yolo/labels_pending/sprouted/onion_sample_s_023_v4.txt,9f588941f596d76a94657bf530d14ceac21d37c251e8130cc53d2b3edf338fa6
onion_sample_008_v1,onion_sample_008,val,0,HEALTHY,raw+pending,data/raw/healthy/onion_sample_008_v1.jpeg,data/processed/yolo/labels_pending/healthy/onion_sample_008_v1.txt,acb050b55d12e98366852ba17649a7a15dce6cf44c7f8cad31aac2d477e2abe8
onion_sample_008_v2,onion_sample_008,val,0,HEALTHY,raw+pending,data/raw/healthy/onion_sample_008_v2.jpeg,data/processed/yolo/labels_pending/healthy/onion_sample_008_v2.txt,aee214cfe4751c6a1100fab80a76950db0763e457528a85a254d19c0a08861aa
onion_sample_008_v3,onion_sample_008,val,0,HEALTHY,raw+pending,data/raw/healthy/onion_sample_008_v3.jpeg,data/processed/yolo/labels_pending/healthy/onion_sample_008_v3.txt,ced1daf663fdf2a0a0b333065c234529fa5e373e5a26ff1cee5ed49b3871a01b
onion_sample_008_v4,onion_sample_008,val,0,HEALTHY,raw+pending,data/raw/healthy/onion_sample_008_v4.jpeg,data/processed/yolo/labels_pending/healthy/onion_sample_008_v4.txt,df7f4a8b413710b5d8e8c468c91028978a1bb8e31c4979ce25fa87b997209c6e
onion_sample_015_v1,onion_sample_015,val,0,HEALTHY,raw+pending,data/raw/healthy/onion_sample_015_v1.jpeg,data/processed/yolo/labels_pending/healthy/onion_sample_015_v1.txt,d5d90c66c569bd3c95b42bdb29a3b842f0f0714d15986cb127d661fb6250a834
onion_sample_015_v2,onion_sample_015,val,0,HEALTHY,raw+pending,data/raw/healthy/onion_sample_015_v2.jpeg,data/processed/yolo/labels_pending/healthy/onion_sample_015_v2.txt,9f11b34ae1ef8a2c5096bddc9a3bfd821c2b61ebfc0ffdea59bb3bccc5eb6fef
onion_sample_015_v3,onion_sample_015,val,0,HEALTHY,raw+pending,data/raw/healthy/onion_sample_015_v3.jpeg,data/processed/yolo/labels_pending/healthy/onion_sample_015_v3.txt,3cb060cf0834ef39aefbf651a674dcd81d1bec57262279e1fc01acf3de214df1
onion_sample_015_v4,onion_sample_015,val,0,HEALTHY,raw+pending,data/raw/healthy/onion_sample_015_v4.jpeg,data/processed/yolo/labels_pending/healthy/onion_sample_015_v4.txt,7be96311ed38108aaf7aa33bb6a1e2af4365d26d4e36fe3ada29fbfc90140687
onion_sample_017_v1,onion_sample_017,val,0,HEALTHY,raw+pending,data/raw/healthy/onion_sample_017_v1.jpeg,data/processed/yolo/labels_pending/healthy/onion_sample_017_v1.txt,f317d66377c01e80b4e84aab4f264373b38be2f4e10292fc74df2b7a43a1f264
onion_sample_017_v2,onion_sample_017,val,0,HEALTHY,raw+pending,data/raw/healthy/onion_sample_017_v2.jpeg,data/processed/yolo/labels_pending/healthy/onion_sample_017_v2.txt,d173c0e6ce5e8cbc00798a682bf224653060dde78f23ce7a5d65a1fe8807cb79
onion_sample_017_v3,onion_sample_017,val,0,HEALTHY,raw+pending,data/raw/healthy/onion_sample_017_v3.jpeg,data/processed/yolo/labels_pending/healthy/onion_sample_017_v3.txt,f4b6b248b26d92e15aaa2ed03c6a8c744b94c0b0953130465948b3f7c94f352d
onion_sample_017_v4,onion_sample_017,val,0,HEALTHY,raw+pending,data/raw/healthy/onion_sample_017_v4.jpeg,data/processed/yolo/labels_pending/healthy/onion_sample_017_v4.txt,030e79dfdefaf3e66fa950b8cab862f564bbebbd47bbfd19d0fbb348fd5df802
onion_sample_021_v1,onion_sample_021,val,0,HEALTHY,raw+pending,data/raw/healthy/onion_sample_021_v1.jpeg,data/processed/yolo/labels_pending/healthy/onion_sample_021_v1.txt,33708e3feb8677c42cd77a0484e2a3c6b8d8fa3ecc2ae1933818c4b618ad1bd3
onion_sample_021_v2,onion_sample_021,val,0,HEALTHY,raw+pending,data/raw/healthy/onion_sample_021_v2.jpeg,data/processed/yolo/labels_pending/healthy/onion_sample_021_v2.txt,7b0905d6866adecf383152f6b9f441a4d4f064b866e38e168e38611a96646fae
onion_sample_021_v3,onion_sample_021,val,0,HEALTHY,raw+pending,data/raw/healthy/onion_sample_021_v3.jpeg,data/processed/yolo/labels_pending/healthy/onion_sample_021_v3.txt,f327a3643613cfccbd03bbc024caa6c7db912564f9fe0fc888e5e1051a43669c
onion_sample_021_v4,onion_sample_021,val,0,HEALTHY,raw+pending,data/raw/healthy/onion_sample_021_v4.jpeg,data/processed/yolo/labels_pending/healthy/onion_sample_021_v4.txt,fc90bb8e72e318f6091975749e9e69878510fc1301765dadaa1ca2ceb978df00
onion_sample_026_v1,onion_sample_026,val,0,HEALTHY,raw+pending,data/raw/healthy/onion_sample_026_v1.jpeg,data/processed/yolo/labels_pending/healthy/onion_sample_026_v1.txt,5d99536bed8c7609bd7f59170d3b83bc7206dc38d0000ed24dd878485d2da807
onion_sample_026_v2,onion_sample_026,val,0,HEALTHY,raw+pending,data/raw/healthy/onion_sample_026_v2.jpeg,data/processed/yolo/labels_pending/healthy/onion_sample_026_v2.txt,2fa98071cce142134fd6a28f373753f80f191bf43200097600f92a9cc2184366
onion_sample_026_v3,onion_sample_026,val,0,HEALTHY,raw+pending,data/raw/healthy/onion_sample_026_v3.jpeg,data/processed/yolo/labels_pending/healthy/onion_sample_026_v3.txt,553b7be5a0528d3b903d524e64ac0413a3b5bd356273cbfc7d2a5171f374ec68
onion_sample_026_v4,onion_sample_026,val,0,HEALTHY,raw+pending,data/raw/healthy/onion_sample_026_v4.jpeg,data/processed/yolo/labels_pending/healthy/onion_sample_026_v4.txt,7505555ffd32346bb211bcdac366675337dcabdbc5e1285775bf5baa9d4c85c7
onion_sample_035_v1,onion_sample_035,val,0,HEALTHY,raw+pending,data/raw/damaged/onion_sample_035_v1.jpeg,data/processed/yolo/labels_pending/healthy/onion_sample_035_v1.txt,8ff4451eaedde9d8baedad0411ce7dd9e330f322554421b14dc4c8f94b10136a
onion_sample_d_010_v1,onion_sample_d_010,val,0,HEALTHY,raw+pending,data/raw/damaged/onion_sample_d_010_v1.jpeg,data/processed/yolo/labels_pending/healthy/onion_sample_d_010_v1.txt,728d7c8298a2dfbd4f1b1ec87d9b011c0edab1f73128738be1fb7ffca8733731
onion_sample_d_010_v2,onion_sample_d_010,val,0,HEALTHY,raw+pending,data/raw/damaged/onion_sample_d_010_v2.jpeg,data/processed/yolo/labels_pending/healthy/onion_sample_d_010_v2.txt,44b84c4ee2c07a7d92d867d887558a2643c2b2bbbb926b322c05b1a8b7d740ac
onion_sample_d_010_v3,onion_sample_d_010,val,0,HEALTHY,raw+pending,data/raw/damaged/onion_sample_d_010_v3.jpeg,data/processed/yolo/labels_pending/healthy/onion_sample_d_010_v3.txt,830ad6f85dc3c868e7c6a4121c884bebe75d9ffd8ef2d7c6b5d4c87b5ef42308
onion_sample_d_010_v4,onion_sample_d_010,val,0,HEALTHY,raw+pending,data/raw/damaged/onion_sample_d_010_v4.jpeg,data/processed/yolo/labels_pending/healthy/onion_sample_d_010_v4.txt,013575958a93a9530c71b842ed237a3c7d9a046f02c9bbc27eb9b6a79ac0d472
onion_sample_d_015_v1,onion_sample_d_015,val,1,DAMAGED,raw+pending,data/raw/damaged/onion_sample_d_015_v1.jpeg,data/processed/yolo/labels_pending/damaged/onion_sample_d_015_v1.txt,f90af527dbb550ca6b4009063283e6cea3ffb2ae679031fe9f4908c38fa2a3d6
onion_sample_d_015_v2,onion_sample_d_015,val,1,DAMAGED,raw+pending,data/raw/damaged/onion_sample_d_015_v2.jpeg,data/processed/yolo/labels_pending/damaged/onion_sample_d_015_v2.txt,7e8f51cfd087260977db6ec88f1741e320386f4d1cd99228f6d7f1ee78c09890
onion_sample_d_015_v3,onion_sample_d_015,val,1,DAMAGED,raw+pending,data/raw/damaged/onion_sample_d_015_v3.jpeg,data/processed/yolo/labels_pending/damaged/onion_sample_d_015_v3.txt,d610ba6711bb0c3524d37b7cc4ff41cfb0db20f495b4b6f44f189c146ba9d0dc
onion_sample_d_015_v4,onion_sample_d_015,val,1,DAMAGED,raw+pending,data/raw/damaged/onion_sample_d_015_v4.jpeg,data/processed/yolo/labels_pending/damaged/onion_sample_d_015_v4.txt,d14365ef531090b3a38a94faeb5ee32481d23889baaa84127f1eca909567aafe
onion_sample_d_021_v1,onion_sample_d_021,val,1,DAMAGED,raw+pending,data/raw/damaged/onion_sample_d_021_v1.jpeg,data/processed/yolo/labels_pending/damaged/onion_sample_d_021_v1.txt,9a5a1784a24d82860db36b25d010dce344b760f82839d42153eecc5b12641ea3
onion_sample_d_021_v2,onion_sample_d_021,val,1,DAMAGED,raw+pending,data/raw/damaged/onion_sample_d_021_v2.jpeg,data/processed/yolo/labels_pending/damaged/onion_sample_d_021_v2.txt,037690f13d08c8a047025882e0e58573d6bee615b1be938df218d2a2897167fd
onion_sample_d_021_v3,onion_sample_d_021,val,1,DAMAGED,raw+pending,data/raw/damaged/onion_sample_d_021_v3.jpeg,data/processed/yolo/labels_pending/damaged/onion_sample_d_021_v3.txt,f0f8c96598c2fb16ad201e1eb8ac2b4c1214f62bdd50435f25b8cfc99fe0cd5a
onion_sample_d_021_v4,onion_sample_d_021,val,1,DAMAGED,raw+pending,data/raw/damaged/onion_sample_d_021_v4.jpeg,data/processed/yolo/labels_pending/damaged/onion_sample_d_021_v4.txt,e3a83b16846a6fbe671861fcd08594f58a5f1288932b1481969e20538708f781
onion_sample_r_004_v1,onion_sample_r_004,val,2,ROTTEN,raw+pending,data/raw/rotten/onion_sample_r_004_v1.jpeg,data/processed/yolo/labels_pending/rotten/onion_sample_r_004_v1.txt,f9e09de19359bf3c5ef98316d8471f4e5847f8aab8fd8d9e2aee301a7f2a9958
onion_sample_r_004_v2,onion_sample_r_004,val,2,ROTTEN,raw+pending,data/raw/rotten/onion_sample_r_004_v2.jpeg,data/processed/yolo/labels_pending/rotten/onion_sample_r_004_v2.txt,ce625747a933628a63867bb2be6251e9d650d8a35c8e00b6d402b3de1d2e7d57
onion_sample_r_004_v3,onion_sample_r_004,val,2,ROTTEN,raw+pending,data/raw/rotten/onion_sample_r_004_v3.jpeg,data/processed/yolo/labels_pending/rotten/onion_sample_r_004_v3.txt,1893e06c1b7feffca414206b6665f196c7647c6e9596e4914e08f2661b39cfd4
onion_sample_r_004_v4,onion_sample_r_004,val,2,ROTTEN,raw+pending,data/raw/rotten/onion_sample_r_004_v4.jpeg,data/processed/yolo/labels_pending/rotten/onion_sample_r_004_v4.txt,d22e562fcafecdf014092ed5ac67ea409515831d4bd3ddc9451e097301fa7083
onion_sample_r_008_v1,onion_sample_r_008,val,2,ROTTEN,raw+pending,data/raw/rotten/onion_sample_r_008_v1.jpeg,data/processed/yolo/labels_pending/rotten/onion_sample_r_008_v1.txt,b71217f09b85ba0076a7f2ba0950c3605d0638d05504addd0cdb9ae5db5b37cb
onion_sample_r_008_v2,onion_sample_r_008,val,2,ROTTEN,raw+pending,data/raw/rotten/onion_sample_r_008_v2.jpeg,data/processed/yolo/labels_pending/rotten/onion_sample_r_008_v2.txt,7899102abe74a0d4544272d2058497cc17516857169d58cacc08708b84e9c396
onion_sample_r_008_v3,onion_sample_r_008,val,2,ROTTEN,raw+pending,data/raw/rotten/onion_sample_r_008_v3.jpeg,data/processed/yolo/labels_pending/rotten/onion_sample_r_008_v3.txt,f0603fd1ecd881f186b250b2f18ff78c6bad889af82e6ffd4214e1f657e2332a
onion_sample_r_008_v4,onion_sample_r_008,val,2,ROTTEN,raw+pending,data/raw/rotten/onion_sample_r_008_v4.jpeg,data/processed/yolo/labels_pending/rotten/onion_sample_r_008_v4.txt,ed01da829241c1578706edd786d33782dd2e06360d0803b433a66038918af8d1
onion_sample_r_025_v1,onion_sample_r_025,val,2,ROTTEN,raw+pending,data/raw/damaged/onion_sample_r_025_v1.jpeg,data/processed/yolo/labels_pending/rotten/onion_sample_r_025_v1.txt,549d84956da6266d94aac7cf9794c4e5f3dc4378c6ccbff077d25132edb687df
onion_sample_r_026_v1,onion_sample_r_026,val,2,ROTTEN,raw+pending,data/raw/rotten/onion_sample_r_026_v1.jpeg,data/processed/yolo/labels_pending/rotten/onion_sample_r_026_v1.txt,d16c5b71ca03df54e1f686cc7b1bf318f905be7e2354292940d33bf94a07c8f4
onion_sample_r_026_v2,onion_sample_r_026,val,2,ROTTEN,raw+pending,data/raw/rotten/onion_sample_r_026_v2.jpeg,data/processed/yolo/labels_pending/rotten/onion_sample_r_026_v2.txt,8cb235634f3a03b40c271b60c9ae379702584ca37aa8e14e0037a7c0ef157e89
onion_sample_s_010_v1,onion_sample_s_010,val,3,SPROUTED,raw+pending,data/raw/sprouted/onion_sample_s_010_v1.jpeg,data/processed/yolo/labels_pending/sprouted/onion_sample_s_010_v1.txt,914e9641f736780a9f84adfb66235fe10824078f2341ab8bb8456c91a2907cb9
onion_sample_s_010_v2,onion_sample_s_010,val,3,SPROUTED,raw+pending,data/raw/sprouted/onion_sample_s_010_v2.jpeg,data/processed/yolo/labels_pending/sprouted/onion_sample_s_010_v2.txt,618fce74abe0b7cbf98c9c974281fd1cf0c8fdd5a49c47fbecaa2b028a2b595a
onion_sample_s_010_v4,onion_sample_s_010,val,3,SPROUTED,raw+pending,data/raw/sprouted/onion_sample_s_010_v4.jpeg,data/processed/yolo/labels_pending/sprouted/onion_sample_s_010_v4.txt,34307e28121c3a74249db0c0680c95b0be8b2533577d2a01c49e7fd3b1130783
onion_sample_s_012_v1,onion_sample_s_012,val,3,SPROUTED,raw+pending,data/raw/sprouted/onion_sample_s_012_v1.jpeg,data/processed/yolo/labels_pending/sprouted/onion_sample_s_012_v1.txt,bb036f016897793561266a808bdaf648f9811a3c87be3324723afa4d2caa1285
onion_sample_s_012_v2,onion_sample_s_012,val,3,SPROUTED,raw+pending,data/raw/sprouted/onion_sample_s_012_v2.jpeg,data/processed/yolo/labels_pending/sprouted/onion_sample_s_012_v2.txt,fde927c497235886d29361baed6dedd24931006278a3785dee0bca03f26d7207
onion_sample_s_012_v3,onion_sample_s_012,val,3,SPROUTED,raw+pending,data/raw/sprouted/onion_sample_s_012_v3.jpeg,data/processed/yolo/labels_pending/sprouted/onion_sample_s_012_v3.txt,059f79a24f44ef3832e5803897a5ddc752b7856b5e2c468a35e0475e66f13fe4
onion_sample_s_012_v4,onion_sample_s_012,val,3,SPROUTED,raw+pending,data/raw/sprouted/onion_sample_s_012_v4.jpeg,data/processed/yolo/labels_pending/sprouted/onion_sample_s_012_v4.txt,5b7ef012f72e0c0aa5f873a66dfbe1390a0147782d3969ad234d777da8019d61
onion_sample_s_013_v1,onion_sample_s_013,val,3,SPROUTED,raw+pending,data/raw/sprouted/onion_sample_s_013_v1.jpeg,data/processed/yolo/labels_pending/sprouted/onion_sample_s_013_v1.txt,a88d2cc7dc73a8129f3dab1f2cace86a1c28b94660ffac546779c4e1f31c2d30
onion_sample_s_013_v2,onion_sample_s_013,val,3,SPROUTED,raw+pending,data/raw/sprouted/onion_sample_s_013_v2.jpeg,data/processed/yolo/labels_pending/sprouted/onion_sample_s_013_v2.txt,39568a5e85896b28b944239e3811f15e3ccca9793e5041314f0361f338f70702
onion_sample_s_013_v3,onion_sample_s_013,val,3,SPROUTED,raw+pending,data/raw/sprouted/onion_sample_s_013_v3.jpeg,data/processed/yolo/labels_pending/sprouted/onion_sample_s_013_v3.txt,424026c98990a42f9dc30b0014236771e4f9e572088d03e82b6fee9c6bcaba3f
onion_sample_s_013_v4,onion_sample_s_013,val,3,SPROUTED,raw+pending,data/raw/sprouted/onion_sample_s_013_v4.jpeg,data/processed/yolo/labels_pending/sprouted/onion_sample_s_013_v4.txt,d1a7d56a68e8ea72f14746a5c2c86eef7fdadb64162a2a77e9026cf89989b19d
